,name,coalition,party_code,votes,vote_share,parliament_code_digits,constituency,state,winner,total_votes
0,Mordi Bimol,PH,DAP,12771,43.1,192,MAS GADING,Sarawak,1,22518
1,Nogeh Gumbek,BN,PDP,9747,32.9,192,MAS GADING,Sarawak,0,22518
2,Wan Junaidi Tuanku Jaafar,BN,PBB,26379,57.8,193,SANTUBONG,Sarawak,1,33273
3,Mohamad Fidzuan Zaidi,PH,AMANAH,6894,15.1,193,SANTUBONG,Sarawak,0,33273
4,Fadillah Yusof,BN,PBB,28306,48.9,194,PETRA JAYA,Sarawak,1,42945
5,Nor Irwan Ahmat Nor,PH,PKR,13289,22.9,194,PETRA JAYA,Sarawak,0,42945
6,Hamdan Sani,,PAS,1350,2.3,194,PETRA JAYA,Sarawak,0,42945
7,Kelvin Yii Lee Wuen,PH,DAP,48548,59.3,195,BANDAR KUCHING,Sarawak,1,61123
8,Kho Teck Wan,BN,SUPP,12575,15.4,195,BANDAR KUCHING,Sarawak,0,61123
9,Chong Chieng Jen,PH,DAP,33060,49.9,196,STAMPIN,Sarawak,1,51899
10,Sim Kui Hian,BN,SUPP,18839,28.4,196,STAMPIN,Sarawak,0,51899
11,Rubiah Wang,BN,PBB,25070,54.1,197,KOTA SAMARAHAN,Sarawak,1,35867
12,Sopian Julaihi,PH,AMANAH,8078,17.4,197,KOTA SAMARAHAN,Sarawak,0,35867
13,Zulkipli Ramzi,,PAS,2719,5.9,197,KOTA SAMARAHAN,Sarawak,0,35867
14,Willie Mongin,PH,PKR,18865,40.9,198,PUNCAK BORNEO,Sarawak,1,34520
15,Genot Sinel @ Jeannoth Sinel,BN,PBB,14860,32.2,198,PUNCAK BORNEO,Sarawak,0,34520
16,Buln Patrick Ribos,,S'wak STAR,795,1.7,198,PUNCAK BORNEO,Sarawak,0,34520
17,Richard Riot Jaem,BN,SUPP,17545,46.6,199,SERIAN,Sarawak,1,27419
18,Edward Andrew Luwak @ Edward Luwak,PH,DAP,7640,20.3,199,SERIAN,Sarawak,0,27419
19,Senior William Rade,,IND,2234,5.9,199,SERIAN,Sarawak,0,27419
20,Nancy Shukri,BN,PBB,14208,61.2,200,BATANG SADONG,Sarawak,1,17066
21,Othman Mustapha @ Mos,PH,AMANAH,1880,8.1,200,BATANG SADONG,Sarawak,0,17066
22,Asan Singkro,,PAS,978,4.2,200,BATANG SADONG,Sarawak,0,17066
23,Rohani Abdul Karim,BN,PBB,14204,47.6,201,BATANG LUPAR,Sarawak,1,20151
24,Wan Abdillah Wan Ahmad,,PAS,3927,13.2,201,BATANG LUPAR,Sarawak,0,20151
25,Narudin Mentali,PH,AMANAH,2020,6.8,201,BATANG LUPAR,Sarawak,0,20151
26,Masir Kujat,BN,PRS,14141,42.8,202,SRI AMAN,Sarawak,1,23000
27,Norina Umoi Utot,PH,PKR,8321,25.2,202,SRI AMAN,Sarawak,0,23000
28,Cobbold Lusoi,,PBDSB,538,1.6,202,SRI AMAN,Sarawak,0,23000
29,Tambat @ Jugah Muyang,,IND,5834,28.0,203,LUBOK ANTU,Sarawak,1,14551
30,Robert Pasang Alam,BN,PRS,4775,23.0,203,LUBOK ANTU,Sarawak,0,14551
31,Nicholas Bawin Anggat,PH,PKR,3942,19.0,203,LUBOK ANTU,Sarawak,0,14551
32,Robert Lawson Chuat,BN,PBB,12517,42.9,204,BETONG,Sarawak,1,20720
33,Abang Ahmad Abang Suni,,IND,4401,15.1,204,BETONG,Sarawak,0,20720
34,Noel Changgai Bucking,PH,PKR,3802,13.0,204,BETONG,Sarawak,0,20720
35,Ali Biju,PH,PKR,11848,38.8,205,SARATOK,Sarawak,1,22707
36,Jagah @ Subeng Mula,BN,PDP,10859,35.6,205,SARATOK,Sarawak,0,22707
37,Yusuf Abd Wahab,BN,PBB,11402,52.1,206,TANJONG MANIS,Sarawak,1,14130
38,Mohamad Fadillah Sabali,PH,AMANAH,2728,12.5,206,TANJONG MANIS,Sarawak,0,14130
39,Ahmad Johnie Zawawi,BN,PBB,10538,53.8,207,IGAN,Sarawak,1,12581
40,Andri Zulkarnaen Hamden,PH,AMANAH,2043,10.4,207,IGAN,Sarawak,0,12581
41,Wong Ling Biu,PH,DAP,16327,41.3,208,SARIKEI,Sarawak,1,30476
42,Huang Tiong Sii,BN,SUPP,13757,34.8,208,SARIKEI,Sarawak,0,30476
43,Wong Chin King,,PBK,392,1.0,208,SARIKEI,Sarawak,0,30476
44,Larry Soon @ Larry Sng Wei Shien,,IND,10105,39.8,209,JULAU,Sarawak,1,18279
45,Joseph Salang Gandum,BN,PRS,8174,32.2,209,JULAU,Sarawak,0,18279
46,Ago Dagang,BN,PRS,9552,45.4,210,KANOWIT,Sarawak,1,14792
47,Satu Anchom,PH,PKR,5240,24.9,210,KANOWIT,Sarawak,0,14792
48,Alice Lau Kiong Yieng,PH,DAP,29905,48.3,211,LANANG,Sarawak,1,45892
49,Kong Sien Chiu,BN,SUPP,15359,24.8,211,LANANG,Sarawak,0,45892
50,Priscilla Lau,,PEACE,628,1.0,211,LANANG,Sarawak,0,45892
51,Oscar Ling Chai Yew,PH,DAP,33811,45.6,212,SIBU,Sarawak,1,56753
52,Wong Kee Yew,BN,SUPP,22389,30.2,212,SIBU,Sarawak,0,56753
53,Tiew Yen Houng,,PEACE,377,0.5,212,SIBU,Sarawak,0,56753
54,Tiong Ing Tung,,S'wak STAR,176,0.2,212,SIBU,Sarawak,0,56753
55,Hanifah Hajar Taib,BN,PBB,13853,45.3,213,MUKAH,Sarawak,1,20706
56,Abdul Jalil Bujang,PH,PKR,6853,22.4,213,MUKAH,Sarawak,0,20706
57,Baru Bian,PH,PKR,11228,37.4,214,SELANGAU,Sarawak,1,21970
58,Rita Sarimah Patrick Insol,BN,PRS,10742,35.8,214,SELANGAU,Sarawak,0,21970
59,Alexander Nanta Linggi,BN,PBB,14302,46.7,215,KAPIT,Sarawak,1,18125
60,Paren Nyawi,PH,DAP,3823,12.5,215,KAPIT,Sarawak,0,18125
61,Ugak Kumbong,BN,PRS,11834,43.0,216,HULU RAJANG,Sarawak,1,17353
62,Abun Sui Anyit,PH,PKR,5519,20.1,216,HULU RAJANG,Sarawak,0,17353
63,Tiong King Sing,BN,PDP,27076,41.6,217,BINTULU,Sarawak,1,47458
64,Chiew Chan Yew,PH,DAP,20054,30.8,217,BINTULU,Sarawak,0,47458
65,Chieng Lea Phing,,S'wak STAR,328,0.5,217,BINTULU,Sarawak,0,47458
66,Lukanisman Awang Sauni,BN,PBB,12214,38.3,218,SIBUTI,Sarawak,1,22369
67,Jemat Panjang,PH,PKR,8538,26.8,218,SIBUTI,Sarawak,0,22369
68,Zulaihi Bakar,,PAS,1617,5.1,218,SIBUTI,Sarawak,0,22369
69,Michael Teo Yu Keng,PH,PKR,35739,44.5,219,MIRI,Sarawak,1,57815
70,Sebastian Ting Chiew Yew,BN,SUPP,22076,27.5,219,MIRI,Sarawak,0,57815
71,Anyi Ngau,BN,PDP,12171,34.1,220,BARAM,Sarawak,1,22352
72,Roland Engan,PH,PKR,10181,28.5,220,BARAM,Sarawak,0,22352
73,Hasbi Habibollah,BN,PBB,12589,47.7,221,LIMBANG,Sarawak,1,17468
74,Ricardo Osmund Yampil Baba,PH,PKR,4879,18.5,221,LIMBANG,Sarawak,0,17468
75,Henry Sum Agong,BN,PBB,10037,47.1,222,LAWAS,Sarawak,1,14250
76,Danny Piri,PH,PKR,4037,19.0,222,LAWAS,Sarawak,0,14250
77,Mohamad Brahim,,IND,176,0.8,222,LAWAS,Sarawak,0,14250
78,Lim Lip Eng,PH,DAP,56516,77.7,114,KEPONG,FederalTerritories,1,61404
79,Ong Siang Liang,BN,GERAKAN,4888,6.7,114,KEPONG,FederalTerritories,0,61404
80,Prabakaran Parameswaran,,IND,38125,49.9,115,BATU,FederalTerritories,1,62805
81,Dominic Lau Hoe Chai,BN,GERAKAN,13687,17.9,115,BATU,FederalTerritories,0,62805
82,Azhar Yahya,,PAS,10610,13.9,115,BATU,FederalTerritories,0,62805
83,Panjamorthy Muthusami,,IND,383,0.5,115,BATU,FederalTerritories,1,62805
84,Tan Yee Kew,PH,PKR,42178,47.7,116,WANGSA MAJU,FederalTerritories,1,73608
85,Yew Teong Look,BN,MCA,17940,20.3,116,WANGSA MAJU,FederalTerritories,0,73608
86,Razali Tumirin,,PAS,13490,15.2,116,WANGSA MAJU,FederalTerritories,0,73608
87,Hannah Yeoh,PH,DAP,53124,68.1,117,SEGAMBUT,FederalTerritories,1,64727
88,Loga Bala Mohan Jaganathan,BN,MyPPP,7422,9.5,117,SEGAMBUT,FederalTerritories,0,64727
89,Mohd Solleh Ab Razak,,PAS,4181,5.4,117,SEGAMBUT,FederalTerritories,0,64727
90,Nik Nazmi Nik Ahmad,PH,PKR,34471,47.8,118,SETIAWANGSA,FederalTerritories,1,60852
91,Zulhasnan Rafique,BN,UMNO,20099,27.9,118,SETIAWANGSA,FederalTerritories,0,60852
92,Ubaid Abd Akla,,PAS,6282,8.7,118,SETIAWANGSA,FederalTerritories,0,60852
93,Rina Mohd Harun,PH,PPBM,23840,38.7,119,TITIWANGSA,FederalTerritories,1,50386
94,Johari Abdul Ghani,BN,UMNO,19701,32.0,119,TITIWANGSA,FederalTerritories,0,50386
95,Mohamad Noor Mohamad,,PAS,6845,11.1,119,TITIWANGSA,FederalTerritories,0,50386
96,Fong Kui Lun,PH,DAP,44516,64.0,120,BUKIT BINTANG,FederalTerritories,1,52408
97,Tan Ean Ean,BN,MCA,7256,10.4,120,BUKIT BINTANG,FederalTerritories,0,52408
98,Khairul Husni Othman,,PFP,636,0.9,120,BUKIT BINTANG,FederalTerritories,0,52408
99,Ahmad Fahmi Mohamed Fadzil,PH,PKR,33313,41.5,121,LEMBAH PANTAI,FederalTerritories,1,66305
100,Raja Nong Chik Raja Zainal Abidin,BN,UMNO,27715,34.5,121,LEMBAH PANTAI,FederalTerritories,0,66305
101,Fauzi Abu Bakar,,PAS,5277,6.6,121,LEMBAH PANTAI,FederalTerritories,0,66305
102,Teresa Kok Suh Sim,PH,DAP,63094,73.1,122,SEPUTEH,FederalTerritories,1,70129
103,Chan Quin Er,BN,MCA,7035,8.2,122,SEPUTEH,FederalTerritories,0,70129
104,Tan Kok Wai,PH,DAP,56671,71.9,123,CHERAS,FederalTerritories,1,63677
105,Heng Sinn Yee,BN,MCA,7006,8.9,123,CHERAS,FederalTerritories,0,63677
106,Kamarudin Jaffar,PH,PKR,41126,49.2,124,BANDAR TUN RAZAK,FederalTerritories,1,70206
107,Adnan Seman @ Abdullah,BN,UMNO,21196,25.3,124,BANDAR TUN RAZAK,FederalTerritories,0,70206
108,Rosni Adam,,PAS,7884,9.4,124,BANDAR TUN RAZAK,FederalTerritories,0,70206
109,Tengku Adnan Tengku Mansor,BN,UMNO,12148,44.5,125,PUTRAJAYA,FederalTerritories,1,24558
110,Samsu Adabi Mamat,PH,PPBM,8776,32.1,125,PUTRAJAYA,FederalTerritories,0,24558
111,Zainal Abidin Kidam,,PAS,3634,13.3,125,PUTRAJAYA,FederalTerritories,0,24558
112,Rozman Isli,BN,UMNO,10164,35.8,166,LABUAN,FederalTerritories,1,21358
113,Noor Halim Zaini,,WARISAN,8714,30.7,166,LABUAN,FederalTerritories,0,21358
114,Ahmad Junid @ Junit Mohd Aling @ Aling,,PAS,1555,5.5,166,LABUAN,FederalTerritories,0,21358
115,Siti Zaleha Ibrahim,,PHRS,925,3.3,166,LABUAN,FederalTerritories,0,21358
116,Abd Rahim Bakri,BN,UMNO,18503,35.4,167,KUDAT,Sabah,1,37079
117,Sh Azman Sh Along,,WARISAN,17144,32.8,167,KUDAT,Sabah,0,37079
118,Mohd Ashraf Chin Abdullah,,PPRS,1432,2.7,167,KUDAT,Sabah,0,37079
119,Johnity @ Maximus Ongkili,BN,PBS,13033,27.7,168,KOTA MARUDU,Sabah,1,33906
120,Maijol Mahap,,PHRS,11259,24.0,168,KOTA MARUDU,Sabah,0,33906
121,Barlus Mangabis,,WARISAN,7113,15.1,168,KOTA MARUDU,Sabah,0,33906
122,Paul Porodong,,PCS,2501,5.3,168,KOTA MARUDU,Sabah,0,33906
123,Isnaraissah Munirah Majilis @ Fakharudy,,WARISAN,23429,40.5,169,KOTA BELUD,Sabah,1,46098
124,Md Salleh Md Said,BN,UMNO,19167,33.1,169,KOTA BELUD,Sabah,0,46098
125,Miasin @ Aimaduddin Mion,,PHRS,2092,3.6,169,KOTA BELUD,Sabah,0,46098
126,Laiman Ikin @ Ag Laiman B Kakimin,,PAS,1410,2.4,169,KOTA BELUD,Sabah,0,46098
127,Madius Tangau,BN,UPKO,22494,41.3,170,TUARAN,Sabah,1,43643
128,Chrisnadia Sinam,PH,PKR,14870,27.3,170,TUARAN,Sabah,0,43643
129,Kalakau @ Kalakan Untol @ Entol,,PCS,2611,4.8,170,TUARAN,Sabah,0,43643
130,Syra Peter @ P Gom,,PHRS,2311,4.2,170,TUARAN,Sabah,0,43643
131,Paumin @ Mohd Aminuddin Aling,,PAS,1357,2.5,170,TUARAN,Sabah,0,43643
132,Mohd Azis Jamman,,WARISAN,28420,45.5,171,SEPANGGAR,Sabah,1,47785
133,Abd Rahman Dahlan,BN,UMNO,15436,24.7,171,SEPANGGAR,Sabah,0,47785
134,Jeffrey Kumin,,SAPP,2958,4.7,171,SEPANGGAR,Sabah,0,47785
135,Robert Sopining,,PCS,971,1.6,171,SEPANGGAR,Sabah,0,47785
136,Chan Foong Hin,PH,DAP,31632,56.3,172,KOTA KINABALU,Sabah,1,42310
137,Joseph Lee Han Kyun,BN,PBS,7546,13.4,172,KOTA KINABALU,Sabah,0,42310
138,Yong Teck Lee,,SAPP,3132,5.6,172,KOTA KINABALU,Sabah,0,42310
139,Awang Husaini Sahari,PH,PKR,14106,34.1,173,PUTATAN,Sabah,1,30790
140,Makin @ Marcus Majigoh,BN,UPKO,11767,28.5,173,PUTATAN,Sabah,0,30790
141,Zulzaim Hilmee Abidin,,PAS,2434,5.9,173,PUTATAN,Sabah,0,30790
142,Jivol @ Edmund Doudilim,,PHRS,1755,4.2,173,PUTATAN,Sabah,0,30790
143,Mil Kusin Abdillah,,PKAN,728,1.8,173,PUTATAN,Sabah,0,30790
144,Ignatius Dorell Leiking,,WARISAN,32470,61.1,174,PENAMPANG,Sabah,1,43108
145,Ceasar Mandela Malakun,BN,UPKO,8997,16.9,174,PENAMPANG,Sabah,0,43108
146,Cleftus Stephen Spine,,Sabah STAR,1196,2.3,174,PENAMPANG,Sabah,0,43108
147,Edwin @ Jack Bosi,,PKAN,445,0.8,174,PENAMPANG,Sabah,0,43108
148,Ahmad Hassan,,WARISAN,17394,39.9,175,PAPAR,Sabah,1,35836
149,Rosnah Abd Rashid Shirlin,BN,UMNO,17069,39.2,175,PAPAR,Sabah,0,35836
150,Jamil William Core,,Sabah STAR,892,2.0,175,PAPAR,Sabah,0,35836
151,Elbert Sikuil,,PCS,481,1.1,175,PAPAR,Sabah,0,35836
152,Anifah Aman @ Haniff Amman,BN,UMNO,11942,40.3,176,KIMANIS,Sabah,1,25028
153,Karim Bujang,,WARISAN,11786,39.8,176,KIMANIS,Sabah,0,25028
154,Jaafar Ismail,,PHRS,1300,4.4,176,KIMANIS,Sabah,0,25028
155,Azizah Mohd Dun,BN,UMNO,11354,34.1,177,BEAUFORT,Sabah,1,27212
156,Lajim Ukin,,PHRS,8023,24.1,177,BEAUFORT,Sabah,0,27212
157,Johan @ Christopher Ot Ghani,PH,PKR,7835,23.5,177,BEAUFORT,Sabah,0,27212
158,Yamani Hafez Musa,BN,UMNO,12038,37.8,178,SIPITANG,Sabah,1,24771
159,Noor Hayaty Mustapha,,WARISAN,11186,35.1,178,SIPITANG,Sabah,0,24771
160,Dayang Aezzy Liman,,PHRS,1547,4.9,178,SIPITANG,Sabah,0,24771
161,Jonathan Yasin,PH,PKR,14880,34.0,179,RANAU,Sabah,1,32942
162,Ewon Ebin,BN,UPKO,13804,31.6,179,RANAU,Sabah,0,32942
163,Soudi @ Sami Andang,,Sabah STAR,3148,7.2,179,RANAU,Sabah,0,32942
164,Andau Yasun @ Bruno,,PCS,1110,2.5,179,RANAU,Sabah,0,32942
165,Jeffrey Kitingan,,Sabah STAR,13286,26.0,180,KENINGAU,Sabah,1,40149
166,Jikulin Nointin @ Anastasius,,WARISAN,13241,25.9,180,KENINGAU,Sabah,0,40149
167,Daniel Kinsik,BN,PBS,12742,24.9,180,KENINGAU,Sabah,0,40149
168,Jius Awang,,PCS,433,0.8,180,KENINGAU,Sabah,0,40149
169,Maimin Rijan,,IND,248,0.5,180,KENINGAU,Sabah,0,40149
170,Justin Guka,,IND,199,0.4,180,KENINGAU,Sabah,0,40149
171,Noorita Sual,PH,DAP,11363,38.9,181,TENOM,Sabah,1,22238
172,Rubin Balang,BN,UMNO,10230,35.1,181,TENOM,Sabah,0,22238
173,Laimoi @ Yuslinah Laikim,,PHRS,645,2.2,181,TENOM,Sabah,0,22238
174,Arthur Joseph Kurup,BN,PBRS,11783,37.6,182,PENSIANGAN,Sabah,1,24368
175,Raymond Ahuar,PH,PKR,9469,30.2,182,PENSIANGAN,Sabah,0,24368
176,Joh Jimmy @ Richard Joe Jimmy,,Sabah STAR,2839,9.0,182,PENSIANGAN,Sabah,0,24368
177,Maidin Atak @ Maidin Osman,,PCS,212,0.7,182,PENSIANGAN,Sabah,0,24368
178,Engah Sintan @ Dahlan Abdullah,,IND,65,0.2,182,PENSIANGAN,Sabah,0,24368
179,Ronald Kiandee,BN,UMNO,13007,45.6,183,BELURAN,Sabah,1,20698
180,Japar Zairun,,WARISAN,5892,20.7,183,BELURAN,Sabah,0,20698
181,Sipin Kadandi,,PHRS,996,3.5,183,BELURAN,Sabah,0,20698
182,Toidy Luit,,PCS,284,1.0,183,BELURAN,Sabah,0,20698
183,Lem @ Salim Matin,,PERPADUAN,273,1.0,183,BELURAN,Sabah,0,20698
184,Salimah Oyong,,IND,246,0.9,183,BELURAN,Sabah,0,20698
185,Zakaria Mohd Edris @ Tubau,BN,UMNO,17799,37.1,184,LIBARAN,Sabah,1,36143
186,Irwanshah Mustapa,,WARISAN,17121,35.7,184,LIBARAN,Sabah,0,36143
187,Alfian Mansyur,,PHRS,1223,2.6,184,LIBARAN,Sabah,0,36143
188,Liew Vui Keong,,WARISAN,12976,39.8,185,BATU SAPI,Sabah,1,23261
189,LindaTsen Thau Lin,BN,PBS,8357,25.7,185,BATU SAPI,Sabah,0,23261
190, Abdullah @ Hamzah,PH,AMANAH,980,3.0,185,BATU SAPI,Sabah,0,23261
191,Norsah Bongsu,,PAS,948,2.9,185,BATU SAPI,Sabah,0,23261
192,Wong Tien Fatt @ Wong Nyuk Foh,PH,DAP,19094,48.0,186,SANDAKAN,Sabah,1,28090
193,Lim Ming Hoo,BN,LDP,8996,22.6,186,SANDAKAN,Sabah,0,28090
194,Moktar Radin,BN,UMNO,14465,50.3,187,KINABATANGAN,Sabah,1,21518
195,M A Ghazali Abdul Ghani,,WARISAN,4987,17.4,187,KINABATANGAN,Sabah,0,21518
196,Mustapa Datu Tambuyong,,PHRS,2066,7.2,187,KINABATANGAN,Sabah,0,21518
197,Mohamaddin Ketapi,,WARISAN,23352,38.3,188,SILAM,Sabah,1,43040
198,Datu Nasrun Datu Mansur,BN,UMNO,16951,27.8,188,SILAM,Sabah,0,43040
199,Ramli Pataruddin,,PAS,1431,2.3,188,SILAM,Sabah,0,43040
200,Siti Shazianti Ajak,,PHRS,1306,2.1,188,SILAM,Sabah,0,43040
201,Mohd Shafie Apdal,,WARISAN,26809,55.6,189,SEMPORNA,Sabah,1,33426
202,Ramlee Marahaban,BN,UMNO,6135,12.7,189,SEMPORNA,Sabah,0,33426
203,Abdul Nasir Ab Raup,,PAS,384,0.8,189,SEMPORNA,Sabah,0,33426
204,Asmara Asmad,,PHRS,98,0.2,189,SEMPORNA,Sabah,0,33426
205,Liew Chin Jin,PH,PKR,21400,35.7,190,TAWAU,Sabah,1,42753
206,Yap Kain Ching @ Mary Yap Ken Jin,BN,PBS,16673,27.8,190,TAWAU,Sabah,0,42753
207,Mohamad Husain,,PAS,2518,4.2,190,TAWAU,Sabah,0,42753
208,Alizaman Jijurahman,,PHRS,2162,3.6,190,TAWAU,Sabah,0,42753
209,mun Sulaiman,,WARISAN,18486,35.4,191,KALABAKAN,Sabah,1,36909
210,Abdul Ghapur Salleh,BN,UMNO,15299,29.3,191,KALABAKAN,Sabah,0,36909
211,Norbin Aloh,,PAS,2813,5.4,191,KALABAKAN,Sabah,0,36909
212,Ahmad Lahama,,PPRS,311,0.6,191,KALABAKAN,Sabah,0,36909
213,Mohd Fasiah Mohd Fakeh,BN,UMNO,12862,31.5,092,SABAK BERNAM,Selangor,1,33350
214,Warno Dogol,PH,PPBM,11188,27.4,092,SABAK BERNAM,Selangor,0,33350
215,Muhammad Labib Abd Jalil,,PAS,9300,22.8,092,SABAK BERNAM,Selangor,0,33350
216,Muslimin Yahaya,PH,PKR,17350,35.6,093,SUNGAI BESAR,Selangor,1,41206
217,Budiman Mohd Zohdi,BN,UMNO,16636,34.1,093,SUNGAI BESAR,Selangor,0,41206
218,Mohamed Salleh M Husin,,PAS,7220,14.8,093,SUNGAI BESAR,Selangor,0,41206
219,Leow Hsiad Hui,PH,PKR,40783,40.4,094,HULU SELANGOR,Selangor,1,85221
220,Kamalanathan Panchanathan,BN,MIC,27392,27.1,094,HULU SELANGOR,Selangor,0,85221
221,Wan Mat Sulaiman,,PAS,16620,16.5,094,HULU SELANGOR,Selangor,0,85221
222,Kumar Paramasivam,,IND,426,0.4,094,HULU SELANGOR,Selangor,0,85221
223,Noh Omar,BN,UMNO,17596,37.3,095,TANJONG KARANG,Selangor,1,40498
224,Zulkafperi Hanapi,PH,PPBM,15626,33.1,095,TANJONG KARANG,Selangor,0,40498
225,Nor Az Azlan Ahmad,,PAS,7276,15.4,095,TANJONG KARANG,Selangor,0,40498
226,Dzulkefly Ahmad,PH,AMANAH,29842,43.0,096,KUALA SELANGOR,Selangor,1,59721
227,Irmohizam Ibrahim,BN,UMNO,21344,30.8,096,KUALA SELANGOR,Selangor,0,59721
228,Mohd Fakaruddin Ismail,,PAS,8535,12.3,096,KUALA SELANGOR,Selangor,0,59721
229,William Leong Jee Keen,PH,PKR,60158,51.8,097,SELAYANG,Selangor,1,98002
230,Kang Meng Fuat,BN,MCA,19501,16.8,097,SELAYANG,Selangor,0,98002
231,Hashim Abd Karim,,PAS,18343,15.8,097,SELAYANG,Selangor,0,98002
232,Mohamed Azmin Ali,PH,PKR,75113,53.2,098,GOMBAK,Selangor,1,119042
233,Abdul Rahim Pandak Kamarudin,BN,UMNO,26392,18.7,098,GOMBAK,Selangor,0,119042
234,Khairil Nizam Khirudin,,PAS,17537,12.4,098,GOMBAK,Selangor,0,119042
235,Zuraida Kamaruddin,PH,PKR,54307,59.2,099,AMPANG,Selangor,1,76550
236,Leong Kim Soon,BN,MCA,12351,13.5,099,AMPANG,Selangor,0,76550
237,Nurul Islam Mohamed Yusoff,,PAS,9598,10.5,099,AMPANG,Selangor,0,76550
238,Tan Hua Meng,,PRM,294,0.3,099,AMPANG,Selangor,0,76550
239,Wan Azizah Wan Ismail,PH,PKR,64733,63.9,100,PANDAN,Selangor,1,85774
240,Leong Kok Wee,BN,MCA,12190,12.0,100,PANDAN,Selangor,0,85774
241,Mohamed Sukri Omar,,PAS,8336,8.2,100,PANDAN,Selangor,0,85774
242,Lee Ying Ha,,PRM,442,0.4,100,PANDAN,Selangor,0,85774
243,Mohd Khairul Azam Abdul Aziz,,IND,73,0.1,100,PANDAN,Selangor,0,85774
244,Hasanuddin Mohd Yunus,PH,AMANAH,49004,47.9,101,HULU LANGAT,Selangor,1,88247
245,Azman Ahmad,BN,UMNO,23580,23.0,101,HULU LANGAT,Selangor,0,88247
246,Che Rosli Che Mat,,PAS,15663,15.3,101,HULU LANGAT,Selangor,0,88247
247,Ong Kian Ming,PH,DAP,102557,57.4,102,BANGI,Selangor,1,156327
248,Mohd Shafie Ngah,,PAS,33789,18.9,102,BANGI,Selangor,0,156327
249,Liew Yuen Keong,BN,MCA,19766,11.1,102,BANGI,Selangor,0,156327
250,Wan Jinn Woei,,PRM,215,0.1,102,BANGI,Selangor,0,156327
251,Gobind Singh Deo,PH,DAP,60429,62.7,103,PUCHONG,Selangor,1,83478
252,Ang Chin Tat,BN,GERAKAN,12794,13.3,103,PUCHONG,Selangor,0,83478
253,Mohamad Rosharizan Mohd Rozlan,,PAS,10255,10.6,103,PUCHONG,Selangor,0,83478
254,Wong Chen,PH,PKR,104430,71.3,104,SUBANG,Selangor,1,125705
255,Tan Seong Lim,BN,MCA,12077,8.2,104,SUBANG,Selangor,0,125705
256,Mohd Shahir Mohd Adnan,,IKATAN,9025,6.2,104,SUBANG,Selangor,0,125705
257,Toh Sin Wah,,IND,173,0.1,104,SUBANG,Selangor,0,125705
258,Maria Chin Abdullah,PH,PKR,78984,56.0,105,PETALING JAYA,Selangor,1,115279
259,Chew Hian Tat,BN,MCA,21847,15.5,105,PETALING JAYA,Selangor,0,115279
260,Noraini Hussin,,PAS,14448,10.3,105,PETALING JAYA,Selangor,0,115279
261,Pua Kiam Wee,PH,DAP,121283,73.8,106,DAMANSARA,Selangor,1,136280
262,Ho Kwok Xheng,BN,MCA,14380,8.8,106,DAMANSARA,Selangor,0,136280
263,Wong Mun Kheong,,PRM,617,0.4,106,DAMANSARA,Selangor,0,136280
264,Sivarasa Rasiah,PH,PKR,43631,48.1,107,SUNGAI BULOH,Selangor,1,77951
265,Nuridah Mohd Salleh,,PAS,16997,18.7,107,SUNGAI BULOH,Selangor,0,77951
266,Pakas Rao Applanaidoo,BN,MIC,16681,18.4,107,SUNGAI BULOH,Selangor,0,77951
267,Zainurrizzaman Mohram,,PSM,642,0.7,107,SUNGAI BULOH,Selangor,0,77951
268,Khalid Abd Samad,PH,AMANAH,55949,52.1,108,SHAH ALAM,Selangor,1,93243
269,Azhari Shaari,BN,UMNO,22100,20.6,108,SHAH ALAM,Selangor,0,93243
270,Mohd Zuhdi Marsuki,,PAS,15194,14.2,108,SHAH ALAM,Selangor,0,93243
271,Abdullah Sani Abdul Hamid,PH,PKR,47731,38.2,109,KAPAR,Selangor,1,106093
272,Abd Rani Osman,,PAS,31425,25.1,109,KAPAR,Selangor,0,106093
273,Mohana Muniandy Raman,BN,MIC,26412,21.1,109,KAPAR,Selangor,0,106093
274,Manikavasagam Sundaram,,PRM,525,0.4,109,KAPAR,Selangor,0,106093
275,Charles Anthony R Santiago,PH,DAP,98279,65.8,110,KLANG,Selangor,1,127074
276,Ching Eu Boon,BN,MCA,19506,13.1,110,KLANG,Selangor,0,127074
277,Khairul Shah Abdullah,,PAS,9169,6.1,110,KLANG,Selangor,0,127074
278,Puvananderan Ganasamoorthy,,IND,120,0.1,110,KLANG,Selangor,0,127074
279,Mohamad Sabu,PH,AMANAH,90697,60.9,111,KOTA RAJA,Selangor,1,128126
280,Mohamed Diah Baharun,,PAS,19555,13.1,111,KOTA RAJA,Selangor,0,128126
281,Gunalan Velu,BN,MIC,17874,12.0,111,KOTA RAJA,Selangor,0,128126
282,Xavier Jayakumar Arulanandam,PH,PKR,43239,42.2,112,KUALA LANGAT,Selangor,1,88097
283,Shahril Sufian Hamdan,BN,UMNO,26127,25.5,112,KUALA LANGAT,Selangor,0,88097
284,Yahya Baba,,PAS,18731,18.3,112,KUALA LANGAT,Selangor,0,88097
285,Mohamed Hanipa Maidin,PH,AMANAH,46740,44.7,113,SEPANG,Selangor,1,90657
286,Marsum Paing,BN,UMNO,28035,26.8,113,SEPANG,Selangor,0,90657
287,Sabirin Marsono,,PAS,15882,15.2,113,SEPANG,Selangor,0,90657
288,Mahathir Mohamad,PH,PPBM,18954,44.4,004,LANGKAWI,Kedah,1,34527
289,Nawawi Ahmad,BN,UMNO,10061,23.6,004,LANGKAWI,Kedah,0,34527
290,Zubir Ahmad,,PAS,5512,12.9,004,LANGKAWI,Kedah,0,34527
291,Mukhriz Mahathir,PH,PPBM,18695,34.5,005,JERLUN,Kedah,1,43937
292,Abd Ghani Ahmad,,PAS,12829,23.7,005,JERLUN,Kedah,0,43937
293,Othman Aziz,BN,UMNO,12413,22.9,005,JERLUN,Kedah,0,43937
294,Amiruddin Hamzah,PH,PPBM,29984,40.6,006,KUBANG PASU,Kedah,1,60334
295,Mohd Johari Baharum,BN,UMNO,16975,23.0,006,KUBANG PASU,Kedah,0,60334
296,Norhafiza Fadzil,,PAS,13375,18.1,006,KUBANG PASU,Kedah,0,60334
297,Mahdzir Khalid,BN,UMNO,16384,35.1,007,PADANG TERAP,Kedah,1,38923
298,Mohamad Azam Abd Majid @ Abd Aziz,,PAS,15285,32.8,007,PADANG TERAP,Kedah,0,38923
299,Mohd Khairizal Khazali,PH,AMANAH,7254,15.6,007,PADANG TERAP,Kedah,0,38923
300,Mahfuz Omar,PH,AMANAH,28959,33.3,008,POKOK SENA,Kedah,1,70750
301,Muhamad Radhi Mat Din,,PAS,23401,26.9,008,POKOK SENA,Kedah,0,70750
302,Said Ali Said Rastan,BN,UMNO,18390,21.2,008,POKOK SENA,Kedah,0,70750
303,Chan Ming Kai,PH,PKR,32475,40.5,009,ALOR SETAR,Kedah,1,63931
304,Muhammad Aminur Shafiq Mohamad Abduh,,PAS,17275,21.5,009,ALOR SETAR,Kedah,0,63931
305,Yoo Wei How,BN,MCA,14181,17.7,009,ALOR SETAR,Kedah,0,63931
306,Azman Ismail,PH,PKR,36624,37.5,010,KUALA KEDAH,Kedah,1,79167
307,Muhammad Riduan Othman,,PAS,23143,23.7,010,KUALA KEDAH,Kedah,0,79167
308,Abdullah Hasnan Kamaruddin,BN,UMNO,19400,19.8,010,KUALA KEDAH,Kedah,0,79167
309,Awang Solahudin,,PAS,26536,35.4,011,PENDANG,Kedah,1,62246
310,Othman Abdul,BN,UMNO,20728,27.7,011,PENDANG,Kedah,0,62246
311,Wan Saifulruddin Wan Jan,PH,PPBM,14901,19.9,011,PENDANG,Kedah,0,62246
312,Abdul Malik Manaf,,IND,81,0.1,011,PENDANG,Kedah,0,62246
313,Sabri Azit,,PAS,22312,27.9,012,JERAI,Kedah,1,65736
314,Jamil Khir Baharom,BN,UMNO,21773,27.2,012,JERAI,Kedah,0,65736
315,Akhramsyah Muammar Ubaidah Sanusi,PH,PPBM,21651,27.1,012,JERAI,Kedah,0,65736
316,Ahmad Tarmizi Sulaiman,,PAS,20088,39.9,013,SIK,Kedah,1,41928
317,Mansor Abd Rahman,BN,UMNO,14870,29.5,013,SIK,Kedah,0,41928
318,Azli Uda,PH,AMANAH,6970,13.8,013,SIK,Kedah,0,41928
319,Nor Azrina Surip,PH,PKR,30902,35.2,014,MERBOK,Kedah,1,71350
320,Tajul Urus Mat Zain,BN,UMNO,20830,23.7,014,MERBOK,Kedah,0,71350
321,Ahmad Fauzi Ramli,,PAS,19618,22.3,014,MERBOK,Kedah,0,71350
322,Johari Abdul,PH,PKR,45532,40.4,015,SUNGAI PETANI,Kedah,1,92534
323,Shahanim Mohamad Yusoff,BN,UMNO,23963,21.3,015,SUNGAI PETANI,Kedah,0,92534
324,Sharir Long,,PAS,22760,20.2,015,SUNGAI PETANI,Kedah,0,92534
325,Sritharan Pichathu,,PRM,279,0.2,015,SUNGAI PETANI,Kedah,0,92534
326,Abdul Azeez Abdul Rahim,BN,UMNO,38557,36.0,016,BALING,Kedah,1,90512
327,Hassan Saad,,PAS,37483,35.0,016,BALING,Kedah,0,90512
328,Mohd Taufik Yaacob,PH,PPBM,14472,13.5,016,BALING,Kedah,0,90512
329,Karupaiya Mutusami,PH,PKR,31724,37.4,017,PADANG SERAI,Kedah,1,70084
330,Muhamad Sobri Osman,,PAS,22911,27.0,017,PADANG SERAI,Kedah,0,70084
331,Leong Yong Kong,BN,MCA,15449,18.2,017,PADANG SERAI,Kedah,0,70084
332,Saifuddin Nasution Ismail,PH,PKR,23159,34.8,018,KULIM-BANDAR BAHARU,Kedah,1,54343
333,Abdul Aziz Sheikh Fadzir,BN,UMNO,18299,27.5,018,KULIM-BANDAR BAHARU,Kedah,0,54343
334,Abdul Raman Abdul Razak,,PAS,12885,19.4,018,KULIM-BANDAR BAHARU,Kedah,0,54343
335,Mas Ermieyati Samsudin,BN,UMNO,22898,44.5,134,MASJID TANAH,Melaka,1,42325
336,afar,PH,PPBM,14739,28.7,134,MASJID TANAH,Melaka,0,42325
337,Mohd Nasir Othman,,PAS,4688,9.1,134,MASJID TANAH,Melaka,0,42325
338,Mohd Redzuan Md Yusof,PH,PPBM,29330,41.7,135,ALOR GAJAH,Melaka,1,57815
339,Wong Nai Chee,BN,MCA,22350,31.8,135,ALOR GAJAH,Melaka,0,57815
340,Mohammad Nazree Mohammad Aris,,PAS,6135,8.7,135,ALOR GAJAH,Melaka,0,57815
341,Rusnah Aluai,PH,PKR,32420,39.0,136,TANGGA BATU,Melaka,1,69142
342,Zali Mat Yasin,BN,UMNO,27761,33.4,136,TANGGA BATU,Melaka,0,69142
343,Zulkifli Ismail,,PAS,8961,10.8,136,TANGGA BATU,Melaka,0,69142
344,Shamsul Iskandar @ Yusre Mohd Akin,PH,PKR,39067,43.7,137,HANG TUAH JAYA,Melaka,1,76583
345,Mohd Ali Mohd Rustam,BN,UMNO,30427,34.0,137,HANG TUAH JAYA,Melaka,0,76583
346,Md Khalid Kassim,,PAS,7089,7.9,137,HANG TUAH JAYA,Melaka,0,76583
347,Khoo Poay Tiong,PH,DAP,76518,60.3,138,KOTA MELAKA,Melaka,1,105276
348,Choo Wei Sern,BN,MCA,27343,21.6,138,KOTA MELAKA,Melaka,0,105276
349,Goh Leong San,,IND,1415,1.1,138,KOTA MELAKA,Melaka,0,105276
350,Ahmad Hamzah,BN,UMNO,26560,36.2,139,JASIN,Melaka,1,61761
351,Khairuddin Abu Hassan,PH,AMANAH,26341,35.9,139,JASIN,Melaka,0,61761
352,Abd Alim Shapie,,PAS,8860,12.1,139,JASIN,Melaka,0,61761
353,Sivaraj Chandran,BN,MIC,10307,32.2,078,CAMERON HIGHLANDS,Pahang,1,24365
354,Manogaran Marimuthu,PH,DAP,9710,30.3,078,CAMERON HIGHLANDS,Pahang,0,24365
355,Wan Mahadir Wan Mahmud,,PAS,3587,11.2,078,CAMERON HIGHLANDS,Pahang,0,24365
356,Suresh Kumar Balasubramaniam,,PSM,680,2.1,078,CAMERON HIGHLANDS,Pahang,0,24365
357,Mohd Tahir Kassim,,BERJASA,81,0.3,078,CAMERON HIGHLANDS,Pahang,0,24365
358,Abdul Rahman Mohamad,BN,UMNO,13995,39.7,079,LIPIS,Pahang,1,28092
359,Badarudin Abd Rahaman,PH,PPBM,7426,21.0,079,LIPIS,Pahang,0,28092
360,Sobirin Duli,,PAS,6671,18.9,079,LIPIS,Pahang,0,28092
361,Tengku Zulpuri Shah Raja Puji,PH,DAP,20659,35.8,080,RAUB,Pahang,1,46025
362,Chew Mei Fun,BN,MCA,17500,30.3,080,RAUB,Pahang,0,46025
363,Mohamed Nilam Abdul Manap,,PAS,7866,13.6,080,RAUB,Pahang,0,46025
364,Ahmad Nazlan Idris,BN,UMNO,22640,35.6,081,JERANTUT,Pahang,1,50249
365,Yohanis Ahmad,,PAS,16732,26.3,081,JERANTUT,Pahang,0,50249
366,Wan Mohd Shaharir Wan Abd Jalil,PH,PPBM,10877,17.1,081,JERANTUT,Pahang,0,50249
367,Saifuddin Abdullah,PH,PKR,28578,37.0,082,INDERA MAHKOTA,Pahang,1,63721
368,Johan Mat Sah,BN,UMNO,17628,22.8,082,INDERA MAHKOTA,Pahang,0,63721
369,Nasrudin Hassan,,PAS,17515,22.7,082,INDERA MAHKOTA,Pahang,0,63721
370,Fuziah Salleh,PH,PKR,22807,36.4,083,KUANTAN,Pahang,1,51170
371,Sulaiman Md Derus,,PAS,14696,23.4,083,KUANTAN,Pahang,0,51170
372,Wong Kean Hwee,BN,MCA,13667,21.8,083,KUANTAN,Pahang,0,51170
373,Mohd Shahar Abdullah,BN,UMNO,19033,34.5,084,PAYA BESAR,Pahang,1,44100
374,Mohamad Azhar Mohd Noor,,PAS,13291,24.1,084,PAYA BESAR,Pahang,0,44100
375,Mohd Ashraf Mustaqim Badrul Munir,PH,PPBM,11776,21.4,084,PAYA BESAR,Pahang,0,44100
376,Mohd Najib Abd Razak,BN,UMNO,43854,49.3,085,PEKAN,Pahang,1,70614
377,Ahiatudin Daud,,PAS,18995,21.4,085,PEKAN,Pahang,0,70614
378,Muhammad Zahid Md Arip,PH,PPBM,7662,8.6,085,PEKAN,Pahang,0,70614
379,Abd Kadir Sainudin,,IND,103,0.1,085,PEKAN,Pahang,0,70614
380,Ismail Abd Muttalib,BN,UMNO,16064,39.1,086,MARAN,Pahang,1,32725
381,Hasenan Haron,,PAS,12301,30.0,086,MARAN,Pahang,0,32725
382,Ahmad Farid Ahmad Nordin,PH,PPBM,4360,10.6,086,MARAN,Pahang,0,32725
383,Ismail Mohamed Said,BN,UMNO,18058,38.2,087,KUALA KRAU,Pahang,1,38311
384,Kamal Ashaari,,PAS,15182,32.1,087,KUALA KRAU,Pahang,0,38311
385,Mohamad Rafidee Hassim,PH,PPBM,5071,10.7,087,KUALA KRAU,Pahang,0,38311
386,Mohd Anuar Mohd Tahir,PH,AMANAH,23998,32.0,088,TEMERLOH,Pahang,1,61050
387,Mohd Sharkar Shamsudin,BN,UMNO,22094,29.4,088,TEMERLOH,Pahang,0,61050
388,Md Jusoh Darus,,PAS,14734,19.6,088,TEMERLOH,Pahang,0,61050
389,Mohd Khaidir Ahmad,,IND,178,0.2,088,TEMERLOH,Pahang,0,61050
390,Muhamad Fakhrudin Abu Hanipah,,IND,46,0.1,088,TEMERLOH,Pahang,0,61050
391,Wong Tack,PH,DAP,25716,38.2,089,BENTONG,Pahang,1,55106
392,Liow Tiong Lai,BN,MCA,23684,35.2,089,BENTONG,Pahang,0,55106
393,Balasubramaniam Nachiappan,,PAS,5706,8.5,089,BENTONG,Pahang,0,55106
394,Ismail Sabri Yaakob,BN,UMNO,20760,35.4,090,BERA,Pahang,1,47305
395,Zakaria Abdul Hamid,PH,PKR,18449,31.4,090,BERA,Pahang,0,47305
396,Musaniff Ab Rahman,,PAS,8096,13.8,090,BERA,Pahang,0,47305
397,Hasan Arifin,BN,UMNO,26628,43.0,091,ROMPIN,Pahang,1,49737
398,M Shahrul Nizam Abdul Haliff,,PAS,15233,24.6,091,ROMPIN,Pahang,0,49737
399,Sitarunisah Ab Kadir,PH,PKR,7876,12.7,091,ROMPIN,Pahang,0,49737
400,Santhara Kumar Ramanaidu,PH,PKR,24060,43.5,140,SEGAMAT,Johor,1,45320
401,Subramaniam K V Sathasivam,BN,MIC,18584,33.6,140,SEGAMAT,Johor,0,45320
402,Khairul Faizi Ahmad Kamil,,PAS,2676,4.8,140,SEGAMAT,Johor,0,45320
403,Natrah Ismail,PH,PKR,19559,42.9,141,SEKIJANG,Johor,1,37837
404,Ayub Rahmat,BN,UMNO,18278,40.1,141,SEKIJANG,Johor,0,37837
405,Pang Hok Liong,PH,DAP,16709,41.4,142,LABIS,Johor,1,32030
406,Chua Tee Yong,BN,MCA,13301,33.0,142,LABIS,Johor,0,32030
407,Sarchu Sawal,,PAS,2020,5.0,142,LABIS,Johor,0,32030
408,Muhyiddin Yassin,PH,PPBM,23558,45.7,143,PAGOH,Johor,1,42672
409,Ismail Mohamed,BN,UMNO,16631,32.3,143,PAGOH,Johor,0,42672
410,Ahmad Nawfal Mahfodz,,PAS,2483,4.8,143,PAGOH,Johor,0,42672
411,Syed Ibrahim Syed Nor,PH,PKR,34706,44.8,144,LEDANG,Johor,1,65414
412,Hamim Samuri,BN,UMNO,26040,33.6,144,LEDANG,Johor,0,65414
413,Rusman Kemin,,PAS,4668,6.0,144,LEDANG,Johor,0,65414
414,Yeo Bee Yin,PH,DAP,38718,52.4,145,BAKRI,Johor,1,61800
415,Koh Chon Chai,BN,MCA,15507,21.0,145,BAKRI,Johor,0,61800
416,Zarul @ Mohammad Zahrul Salleh,,PAS,7575,10.3,145,BAKRI,Johor,0,61800
417,Syed Saddiq Syed Abdul Rahman,PH,PPBM,22341,43.9,146,MUAR,Johor,1,42083
418,Razali Ibrahim,BN,UMNO,15388,30.3,146,MUAR,Johor,0,42083
419,Abdul Aziz Talib,,PAS,4354,8.6,146,MUAR,Johor,0,42083
420,Noraini Ahmad,BN,UMNO,24481,41.1,147,PARIT SULONG,Johor,1,49769
421,Anis Afida Mohd Azli,PH,AMANAH,18140,30.4,147,PARIT SULONG,Johor,0,49769
422,Ahmad Rosdi Bahari,,PAS,7148,12.0,147,PARIT SULONG,Johor,0,49769
423,Wee Ka Siong,BN,MCA,17076,37.0,148,AYER HITAM,Johor,1,38824
424,Liew Chin Tong,PH,DAP,16773,36.3,148,AYER HITAM,Johor,0,38824
425,Mardi Marwan,,PAS,4975,10.8,148,AYER HITAM,Johor,0,38824
426,Sharuddin Md Salleh,PH,PPBM,21511,41.3,149,SRI GADING,Johor,1,44282
427,Ab Aziz Kaprawi,BN,UMNO,18223,35.0,149,SRI GADING,Johor,0,44282
428,M Ashari Sidon,,PAS,4548,8.7,149,SRI GADING,Johor,0,44282
429,Mohd Rashid Hasnon,PH,PKR,45929,46.6,150,BATU PAHAT,Johor,1,82137
430,Haliza Abdullah,BN,UMNO,28035,28.4,150,BATU PAHAT,Johor,0,82137
431,Mahfodz Mohamed,,PAS,8173,8.3,150,BATU PAHAT,Johor,0,82137
432,Maszlee Malik,PH,PPBM,18157,41.3,151,SIMPANG RENGGAM,Johor,1,35822
433,Liang Teck Meng,BN,GERAKAN,14682,33.4,151,SIMPANG RENGGAM,Johor,0,35822
434,Mohd Jubri Selamat,,PAS,2983,6.8,151,SIMPANG RENGGAM,Johor,0,35822
435,Wong Shu Qi,PH,DAP,47671,49.2,152,KLUANG,Johor,1,80531
436,Gan Ping Shou @ Gan Ping Sieu,BN,MCA,24618,25.4,152,KLUANG,Johor,0,80531
437,Muhammad Hasbullah Md Najib,,PAS,8242,8.5,152,KLUANG,Johor,0,80531
438,Hishammuddin Hussein,BN,UMNO,21353,48.4,153,SEMBRONG,Johor,1,36044
439,Onn Abu Bakar,PH,PKR,14691,33.3,153,SEMBRONG,Johor,0,36044
440, Latiff Ahmad,BN,UMNO,19806,41.1,154,MERSING,Johor,1,37368
441, Nasir Hashim,PH,PPBM,11347,23.6,154,MERSING,Johor,0,37368
442, Hamid,,PAS,6215,12.9,154,MERSING,Johor,0,37368
443,Adham Baba,BN,UMNO,20142,45.0,155,TENGGARA,Johor,1,37034
444,Norjepri Mohamed Jelani,PH,PPBM,14209,31.8,155,TENGGARA,Johor,0,37034
445,Yuhanita Yunan,,PAS,2683,6.0,155,TENGGARA,Johor,0,37034
446,Halimah Mohd Sadique,BN,UMNO,26407,56.6,156,KOTA TINGGI,Johor,1,38193
447,Azlinda Abdul Latif,PH,PPBM,11786,25.3,156,KOTA TINGGI,Johor,0,38193
448,Azalina Othman,BN,UMNO,21829,53.9,157,PENGERANG,Johor,1,32241
449,Norliza Ngadiran,PH,PPBM,10412,25.7,157,PENGERANG,Johor,0,32241
450,Choong Shiau Yoon,PH,PKR,64535,52.5,158,TEBRAU,Johor,1,103943
451,Hou Kok Chung,BN,MCA,27310,22.2,158,TEBRAU,Johor,0,103943
452,Abdullah Husin,,PAS,12098,9.8,158,TEBRAU,Johor,0,103943
453,Hassan Abdul Karim,PH,PKR,61615,49.6,159,PASIR GUDANG,Johor,1,105009
454,Mohamed Khaled Nordin,BN,UMNO,36889,29.7,159,PASIR GUDANG,Johor,0,105009
455,Ab Aziz Abdullah,,PAS,6278,5.1,159,PASIR GUDANG,Johor,0,105009
456,Sey Jock @ Chee Jock,,IND,227,0.2,159,PASIR GUDANG,Johor,0,105009
457,Akmal Nasrullah Mohd Nasir,PH,PKR,50052,49.4,160,JOHOR BAHRU,Johor,1,80322
458,Sharil @ Shahrir Ab Samad,BN,UMNO,30270,29.8,160,JOHOR BAHRU,Johor,0,80322
459,Salahuddin Ayub,PH,AMANAH,55447,52.2,161,PULAI,Johor,1,86893
460,Nur Jazlan Mohamed,BN,UMNO,26523,25.0,161,PULAI,Johor,0,86893
461,Mohd Mazri Yahya,,PAS,4332,4.1,161,PULAI,Johor,0,86893
462,Yap Keng Tak,,IND,591,0.6,161,PULAI,Johor,0,86893
463,Lim Kit Siang,PH,DAP,80726,58.4,162,ISKANDAR PUTERI,Johor,1,116588
464,Teoh Sew Hock,BN,MCA,35862,25.9,162,ISKANDAR PUTERI,Johor,0,116588
465,Teo Nie Ching,PH,DAP,55312,55.8,163,KULAI,Johor,1,84543
466,Tang Nai Soon,BN,MCA,22564,22.8,163,KULAI,Johor,0,84543
467,Juwahir Amin,,PAS,6667,6.7,163,KULAI,Johor,0,84543
468,Ahmad Maslan,BN,UMNO,21132,38.0,164,PONTIAN,Johor,1,45726
469,Karmaine Sardini,PH,PPBM,20299,36.5,164,PONTIAN,Johor,0,45726
470,Baharom Mohamad,,PAS,4295,7.7,164,PONTIAN,Johor,0,45726
471,Md Farid Md Rafik,PH,PPBM,21255,39.7,165,TANJUNG PIAI,Johor,1,44948
472,Wee Jeck Seng,BN,MCA,20731,38.7,165,TANJUNG PIAI,Johor,0,44948
473,Nordin Othman,,PAS,2962,5.5,165,TANJUNG PIAI,Johor,0,44948
474,Hasbullah Osman,BN,UMNO,13243,36.9,054,GERIK,Perak,1,27311
475,Mohd Dahalan Ismail,,PAS,7715,21.5,054,GERIK,Perak,0,27311
476,Ibrahim Mohd Hanafiah,PH,PPBM,6353,17.7,054,GERIK,Perak,0,27311
477,Shamsul Anuar Nasarah,BN,UMNO,12523,42.1,055,LENGGONG,Perak,1,23205
478,Muhammad Mujahid Mohammad Fadzil,,PAS,6750,22.7,055,LENGGONG,Perak,0,23205
479,Amirul Fairuzzeen Jamaluddin,PH,PPBM,3932,13.2,055,LENGGONG,Perak,0,23205
480,Hamzah Zainudin,BN,UMNO,18184,36.8,056,LARUT,Perak,1,39620
481,Abu Husin Mohmmad,,PAS,13698,27.7,056,LARUT,Perak,0,39620
482,Khairil Anuar Akhiruddin,PH,PPBM,7738,15.6,056,LARUT,Perak,0,39620
483,Mujahid Yusof,PH,AMANAH,16753,32.3,057,PARIT BUNTAR,Perak,1,42720
484,Abdul Puhat Mat Nayan,BN,UMNO,13655,26.3,057,PARIT BUNTAR,Perak,0,42720
485,Ahmad Azhar Sharin,,PAS,12312,23.7,057,PARIT BUNTAR,Perak,0,42720
486,Noor Azmi Ghazali,BN,UMNO,17220,29.0,058,BAGAN SERAI,Perak,1,47255
487,Rohaya Bakar,,PAS,17048,28.8,058,BAGAN SERAI,Perak,0,47255
488,Adam Asmuni,PH,PPBM,12987,21.9,058,BAGAN SERAI,Perak,0,47255
489,Syed Abu Hussin Hafiz Syed Abdul Fasal,BN,UMNO,22450,32.1,059,BUKIT GANTANG,Perak,1,56863
490,Khadri Khalid,PH,PPBM,18361,26.3,059,BUKIT GANTANG,Perak,0,56863
491,Idris Ahmad,,PAS,16052,23.0,059,BUKIT GANTANG,Perak,0,56863
492,Teh Kok Lim,PH,DAP,42997,47.4,060,TAIPING,Perak,1,69743
493,Tan Keng Liang,BN,GERAKAN,15613,17.2,060,TAIPING,Perak,0,69743
494,Ibrahim Ismail,,PAS,11133,12.3,060,TAIPING,Perak,0,69743
495,Mohamed Nazri Abdul Aziz,BN,UMNO,10491,33.8,061,PADANG RENGAS,Perak,1,25281
496,Ejazi Yahaya,PH,PKR,7943,25.6,061,PADANG RENGAS,Perak,0,25281
497,Mohamad Azalan Mohamad Radzi,,PAS,6847,22.1,061,PADANG RENGAS,Perak,0,25281
498,Kesavan Subramaniam,PH,PKR,20817,37.8,062,SUNGAI SIPUT,Perak,1,42726
499,Devamany Krishnasamy,BN,MIC,15210,27.7,062,SUNGAI SIPUT,Perak,0,42726
500,Ishak Ibrahim,,PAS,5194,9.4,062,SUNGAI SIPUT,Perak,0,42726
501,Michael Jeyakumar Devaraj,,PSM,1505,2.7,062,SUNGAI SIPUT,Perak,0,42726
502,Ahmad Faizal Azumu,PH,PPBM,38661,35.9,063,TAMBUN,Perak,1,86950
503,Ahmad Husni Mohamad Hanadzlah,BN,UMNO,33341,30.9,063,TAMBUN,Perak,0,86950
504,Muhamad Zulkifli Mohamad Zakaria,,PAS,14948,13.9,063,TAMBUN,Perak,0,86950
505,Wong Kah Woh,PH,DAP,56519,61.8,064,IPOH TIMOR,Perak,1,70241
506,Kathleen Wong Mei Yin,BN,MCA,13722,15.0,064,IPOH TIMOR,Perak,0,70241
507,Kulasegaran Murugeson,PH,DAP,55613,65.5,065,IPOH BARAT,Perak,1,65502
508,Cheng Wei Yee,BN,MCA,9889,11.7,065,IPOH BARAT,Perak,0,65502
509,Sivakumar Varatharaju Naidu,PH,DAP,52850,64.9,066,BATU GAJAH,Perak,1,62787
510,Leong Chee Wai,BN,MCA,8982,11.0,066,BATU GAJAH,Perak,0,62787
511,Kunasekaran Krishnan,,PSM,955,1.2,066,BATU GAJAH,Perak,0,62787
512,Mastura Mohd Yazid,BN,UMNO,12102,32.7,067,KUALA KANGSAR,Perak,1,30056
513,Ahmad Termizi Ramli,PH,AMANAH,11371,30.8,067,KUALA KANGSAR,Perak,0,30056
514,Khalil Idham Lim Abdullah,,PAS,6583,17.8,067,KUALA KANGSAR,Perak,0,30056
515,Ngeh Koo Ham,PH,DAP,41231,51.7,068,BERUAS,Perak,1,60267
516,Pang Chok King,BN,GERAKAN,13277,16.6,068,BERUAS,Perak,0,60267
517,Mohamad Nazeer M K M Hameed,,PAS,5759,7.2,068,BERUAS,Perak,0,60267
518,Mohd Nizar Zakaria,BN,UMNO,14035,39.1,069,PARIT,Perak,1,28990
519,Najihatussalehah Ahmad,,PAS,7715,21.5,069,PARIT,Perak,0,28990
520,Ahmad Tarmizi Mohd Jam,PH,AMANAH,7240,20.2,069,PARIT,Perak,0,28990
521,Su Keong Siong,PH,DAP,30216,43.5,070,KAMPAR,Perak,1,52495
522,Lee Chee Leong,BN,MCA,18415,26.5,070,KAMPAR,Perak,0,52495
523,Yougan Mahalingam,,PAS,3864,5.6,070,KAMPAR,Perak,0,52495
524,Lee Boon Chye,PH,PKR,48923,49.3,071,GOPENG,Perak,1,79233
525,Heng Seai Kie,BN,MCA,19145,19.3,071,GOPENG,Perak,0,79233
526,Ismail Ariffin,,PAS,11165,11.3,071,GOPENG,Perak,0,79233
527,Saravanan Murugan,BN,MIC,16086,34.1,072,TAPAH,Perak,1,36174
528,Mohamed Azni Mohamed Ali,PH,PPBM,15472,32.8,072,TAPAH,Perak,0,36174
529,Norazli Musa,,PAS,4616,9.8,072,TAPAH,Perak,0,36174
530,Tajuddin Abdul Rahman,BN,UMNO,20003,36.6,073,PASIR SALAK,Perak,1,43445
531,Salihuddin Radin Sumadi,PH,PPBM,12291,22.5,073,PASIR SALAK,Perak,0,43445
532,Zafarulazhan Zan,,PAS,11151,20.4,073,PASIR SALAK,Perak,0,43445
533,Mohd Hatta Md Ramli,PH,AMANAH,21955,32.7,074,LUMUT,Perak,1,53645
534,Zambry Abd Kadir,BN,UMNO,21555,32.1,074,LUMUT,Perak,0,53645
535,Mohammed Zamri Ibrahim,,PAS,10135,15.1,074,LUMUT,Perak,0,53645
536,Ahmad Zahid Hamidi,BN,UMNO,18909,40.0,075,BAGAN DATUK,Perak,1,36806
537,Pakhrurrazi Arshad,PH,PKR,13836,29.2,075,BAGAN DATUK,Perak,0,36806
538,Ata Abdul Muneim Hasan Adli,,PAS,4061,8.6,075,BAGAN DATUK,Perak,0,36806
539,Nga Kor Ming,PH,DAP,29170,43.9,076,TELUK INTAN,Perak,1,53655
540,Mah Siew Keong,BN,GERAKAN,17991,27.1,076,TELUK INTAN,Perak,0,53655
541,Ahmad Ramadzan Ahmad Daud,,PAS,6494,9.8,076,TELUK INTAN,Perak,0,53655
542,Chang Lih Kang,PH,PKR,24672,36.0,077,TANJONG MALIM,Perak,1,54297
543,Mah Hang Soon,BN,MCA,19314,28.2,077,TANJONG MALIM,Perak,0,54297
544,Mohd Tarmizi Ab Rahman,,PAS,10311,15.1,077,TANJONG MALIM,Perak,0,54297
545,Che Abdullah Mat Nawi,,PAS,47041,42.4,019,TUMPAT,Kelantan,1,86585
546,Wan Johani Wan Hussin,BN,UMNO,29541,26.6,019,TUMPAT,Kelantan,0,86585
547,Nordin Salleh,PH,PPBM,10003,9.0,019,TUMPAT,Kelantan,0,86585
548,Ahmad Marzuk Shaary,,PAS,32592,43.2,020,PENGKALAN CHEPA,Kelantan,1,59387
549,Zaluzi Sulaiman,BN,UMNO,19360,25.7,020,PENGKALAN CHEPA,Kelantan,0,59387
550,Mohamad Ibrahim,PH,AMANAH,7435,9.9,020,PENGKALAN CHEPA,Kelantan,0,59387
551,Takiyuddin Hassan,,PAS,28291,31.9,021,KOTA BHARU,Kelantan,1,66969
552,Husam Musa,PH,AMANAH,22422,25.3,021,KOTA BHARU,Kelantan,0,66969
553,Fikhran Hamshi Mohd Fatmi,BN,UMNO,16256,18.3,021,KOTA BHARU,Kelantan,0,66969
554,Ahmad Fadhli Shaari,,PAS,28080,39.4,022,PASIR MAS,Kelantan,1,53551
555,Nor Azmawi Ab Rahman,BN,UMNO,15005,21.1,022,PASIR MAS,Kelantan,0,53551
556,Ibrahim Ali,,IND,5373,7.5,022,PASIR MAS,Kelantan,0,53551
557,Che Ujang Che Daud,PH,PPBM,5093,7.2,022,PASIR MAS,Kelantan,0,53551
558,Siti Zailah Mohd Yusoff,,PAS,24581,37.2,023,RANTAU PANJANG,Kelantan,1,48373
559,Abdullah Mat Yasim,BN,UMNO,18431,27.9,023,RANTAU PANJANG,Kelantan,0,48373
560,Wan Shah Jihan Wan Din,PH,AMANAH,5361,8.1,023,RANTAU PANJANG,Kelantan,0,48373
561,Tuan Ibrahim Tuan Man,,PAS,35620,43.4,024,KUBANG KERIAN,Kelantan,1,63428
562,Muhamad Abdul Ghani,BN,UMNO,16251,19.8,024,KUBANG KERIAN,Kelantan,0,63428
563,Abdul Halim Yusof,PH,AMANAH,11557,14.1,024,KUBANG KERIAN,Kelantan,0,63428
564,Nik Mohamad Abduh Nik Abd Aziz,,PAS,36188,39.1,025,BACHOK,Kelantan,1,73964
565,Awang Adek Hussin,BN,UMNO,32896,35.5,025,BACHOK,Kelantan,0,73964
566,Zulkifli Zakaria,PH,PPBM,4880,5.3,025,BACHOK,Kelantan,0,73964
567,Annuar Musa,BN,UMNO,25467,39.0,026,KETEREH,Kelantan,1,53107
568,Wan Ismail Wan Jusoh,,PAS,20841,31.9,026,KETEREH,Kelantan,0,53107
569,Mohd Radzijidin,PH,PPBM,6799,10.4,026,KETEREH,Kelantan,0,53107
570,Ikmal Hisham Abdul Aziz,BN,UMNO,28152,38.5,027,TANAH MERAH,Kelantan,1,58122
571,Johari Mat,,PAS,25223,34.5,027,TANAH MERAH,Kelantan,0,58122
572,Mohamad Fauzi Zakaria,PH,PKR,4747,6.5,027,TANAH MERAH,Kelantan,0,58122
573,Nik Muhammad Zawawi Salleh,,PAS,32307,37.8,028,PASIR PUTEH,Kelantan,1,68150
574,Asyraf Wajdi Dusuki,BN,UMNO,30947,36.2,028,PASIR PUTEH,Kelantan,0,68150
575,Kamaruddin Md Noor,PH,PPBM,4896,5.7,028,PASIR PUTEH,Kelantan,0,68150
576,Ahmad Jazlan Yaakub,BN,UMNO,26076,38.1,029,MACHANG,Kelantan,1,55023
577,Zulkifli Mamat,,PAS,23252,34.0,029,MACHANG,Kelantan,0,55023
578,Sazmi Miah,PH,PPBM,5695,8.3,029,MACHANG,Kelantan,0,55023
579,Mustapa Mohamed,BN,UMNO,21665,45.6,030,JELI,Kelantan,1,38761
580,Mohamad Hamid,,PAS,15018,31.6,030,JELI,Kelantan,0,38761
581,Azran Deraman,PH,PPBM,2078,4.4,030,JELI,Kelantan,0,38761
582,Abdul Latiff Abdul Rahman,,PAS,28903,41.1,031,KUALA KRAI,Kelantan,1,54987
583,Ramzi Ab Rahman,BN,UMNO,20911,29.7,031,KUALA KRAI,Kelantan,0,54987
584,Mohd Yazid Abdullah,PH,AMANAH,5173,7.4,031,KUALA KRAI,Kelantan,0,54987
585,Tengku Razaleigh Tengku Mohd Hamzah,BN,UMNO,19426,37.0,032,GUA MUSANG,Kelantan,1,39936
586,Abdullah Hussein,,PAS,15513,29.5,032,GUA MUSANG,Kelantan,0,39936
587,Mohd Nor Hussin,PH,PPBM,4997,9.5,032,GUA MUSANG,Kelantan,0,39936
588,Idris Jusoh,BN,UMNO,34335,39.6,033,BESUT,Terengganu,1,70935
589,Riduan Mohamad Nor,,PAS,29736,34.3,033,BESUT,Terengganu,0,70935
590,Wan Nazari Wan Jusoh,PH,PPBM,6864,7.9,033,BESUT,Terengganu,0,70935
591,Shaharizukirnain Abd Kadir,,PAS,35020,40.6,034,SETIU,Terengganu,1,71978
592,Mohd Jidin Shafee,BN,UMNO,32218,37.4,034,SETIU,Terengganu,0,71978
593,Mohd Faudzi Musa,PH,PPBM,4740,5.5,034,SETIU,Terengganu,0,71978
594,Mohd Khairuddin Aman Razali,,PAS,37974,45.4,035,KUALA NERUS,Terengganu,1,72105
595,Tengku Asmadi Tengku Mohamad,BN,UMNO,29527,35.3,035,KUALA NERUS,Terengganu,0,72105
596,Abdullah Mohamed,PH,AMANAH,4604,5.5,035,KUALA NERUS,Terengganu,0,72105
597,Ahmad Amzad Mohamed @ Hashim,,PAS,42988,41.5,036,KUALA TERENGGANU,Terengganu,1,86583
598,Wan Nawawi Wan Ismail,BN,UMNO,28215,27.2,036,KUALA TERENGGANU,Terengganu,0,86583
599,Raja Kamarul Bahrin Shah,PH,AMANAH,15380,14.8,036,KUALA TERENGGANU,Terengganu,0,86583
600,Abdul Hadi Awang,,PAS,53749,51.2,037,MARANG,Terengganu,1,90682
601,Mohamad Nor Endot,BN,UMNO,31795,30.3,037,MARANG,Terengganu,0,90682
602,Zarawi Sulong,PH,AMANAH,5138,4.9,037,MARANG,Terengganu,0,90682
603,Rosol Wahid,BN,UMNO,30925,42.1,038,HULU TERENGGANU,Terengganu,1,62346
604,Muhyidin Abdul Rashid,,PAS,28057,38.2,038,HULU TERENGGANU,Terengganu,0,62346
605,Razali Idris,PH,PPBM,3364,4.6,038,HULU TERENGGANU,Terengganu,0,62346
606,Wan Hassan Mohd Ramli,,PAS,40850,45.1,039,DUNGUN,Terengganu,1,75414
607,Din Adam,BN,UMNO,27731,30.6,039,DUNGUN,Terengganu,0,75414
608,Abd Rahman Yusof,PH,PKR,6833,7.5,039,DUNGUN,Terengganu,0,75414
609,Che Alias Hamid,,PAS,39878,37.1,040,KEMAMAN,Terengganu,1,90504
610,Ahmad Shabery Cheek,BN,UMNO,37715,35.1,040,KEMAMAN,Terengganu,0,90504
611,Mohd Huzaifah Md Suhaimi,PH,PKR,12911,12.0,040,KEMAMAN,Terengganu,0,90504
612,Reezal Merican Naina Merican,BN,UMNO,22459,37.1,041,KEPALA BATAS,Penang,1,52302
613,Zaidi Zakaria,PH,AMANAH,17723,29.3,041,KEPALA BATAS,Penang,0,52302
614,Siti Mastura Muhammad,,PAS,12120,20.0,041,KEPALA BATAS,Penang,0,52302
615,Shabudin Yahaya,BN,UMNO,18547,30.5,042,TASEK GELUGOR,Penang,1,51904
616,Marzuki Yahya,PH,PPBM,18466,30.3,042,TASEK GELUGOR,Penang,0,51904
617,Rizal Hafiz Ruslan,,PAS,14891,24.5,042,TASEK GELUGOR,Penang,0,51904
618,Lim Guan Eng,PH,DAP,51653,72.2,043,BAGAN,Penang,1,60087
619,Lee Beng Seng,BN,MCA,7751,10.8,043,BAGAN,Penang,0,60087
620,Huan Cheng Guan,,PCM,502,0.7,043,BAGAN,Penang,0,60087
621,Koay Xing Boon,,MUP,181,0.3,043,BAGAN,Penang,0,60087
622,Nurul Izzah Anwar,PH,PKR,35534,43.4,044,PERMATANG PAUH,Penang,1,69828
623,Mohd Zaidi Mohd Said,BN,UMNO,19866,24.3,044,PERMATANG PAUH,Penang,0,69828
624,Afnan Hamimi Taib Azamudden,,PAS,14428,17.6,044,PERMATANG PAUH,Penang,0,69828
625,Sim Chee Keong,PH,DAP,63784,71.7,045,BUKIT MERTAJAM,Penang,1,74691
626,Gui Guat Lye,BN,MCA,10907,12.3,045,BUKIT MERTAJAM,Penang,0,74691
627,Kasthuriraani Patto,PH,DAP,42683,65.3,046,BATU KAWAN,Penang,1,54705
628,Jayanthi Devi Balaguru,BN,GERAKAN,9130,14.0,046,BATU KAWAN,Penang,0,54705
629,Jay Kumar Balakrishna,,PAS,2636,4.0,046,BATU KAWAN,Penang,0,54705
630,Ooi Khar Giap,,PFP,256,0.4,046,BATU KAWAN,Penang,0,54705
631,Mansor Othman,PH,PKR,35395,48.2,047,NIBONG TEBAL,Penang,1,62179
632,Shaik Hussein Mydin,BN,UMNO,19578,26.7,047,NIBONG TEBAL,Penang,0,62179
633,Mohd Helmi Haron,,PAS,6875,9.4,047,NIBONG TEBAL,Penang,0,62179
634,Tan Tee Beng,,IND,331,0.5,047,NIBONG TEBAL,Penang,0,62179
635,Wong Hon Wai,PH,DAP,50049,66.7,048,BUKIT BENDERA,Penang,1,59706
636,Andy Yong Kim Seng,BN,GERAKAN,9318,12.4,048,BUKIT BENDERA,Penang,0,59706
637,Tan Gim Theam,,MUP,339,0.5,048,BUKIT BENDERA,Penang,0,59706
638,Chow Kon Yeow,PH,DAP,34663,69.9,049,TANJONG,Penang,1,39727
639,Ng Siew Lai,BN,GERAKAN,5064,10.2,049,TANJONG,Penang,0,39727
640,Sanisvara Nethaji Rayer Rajaji,PH,DAP,50700,65.9,050,JELUTONG,Penang,1,63666
641,Baljit Singh Jigiri Singh,BN,GERAKAN,12529,16.3,050,JELUTONG,Penang,0,63666
642,Tan Sim Bee,,MUP,437,0.6,050,JELUTONG,Penang,0,63666
643,Ramkarpal Singh Karpal Singh,PH,DAP,65622,71.6,051,BUKIT GELUGOR,Penang,1,75705
644,Low Joo Hiap,BN,MCA,9671,10.6,051,BUKIT GELUGOR,Penang,0,75705
645,Lai Xue Ching,,MUP,412,0.4,051,BUKIT GELUGOR,Penang,0,75705
646,Sim Tze Tzin,PH,PKR,51555,56.8,052,BAYAN BARU,Penang,1,74849
647,Chuah Seng Guan,BN,MCA,13804,15.2,052,BAYAN BARU,Penang,0,74849
648,Iszuree Ibrahim,,PAS,8757,9.6,052,BAYAN BARU,Penang,0,74849
649,David Yim Boon Leong,,MUP,733,0.8,052,BAYAN BARU,Penang,0,74849
650,Muhammad Bakhtiar Wan Chik,PH,PKR,25471,43.1,053,BALIK PULAU,Penang,1,49776
651,Hilmi Yahaya,BN,UMNO,19007,32.2,053,BALIK PULAU,Penang,0,49776
652,ad,,PAS,5298,9.0,053,BALIK PULAU,Penang,0,49776
653,Jalaludin Alias,BN,UMNO,19062,39.3,126,JELEBU,NegriSembilan,1,38957
654,Mustafar Ab Kadir,PH,AMANAH,17017,35.1,126,JELEBU,NegriSembilan,0,38957
655,Norman Ipin,,PAS,2878,5.9,126,JELEBU,NegriSembilan,0,38957
656,Mohd Salim Sharif,BN,UMNO,26819,37.2,127,JEMPOL,NegriSembilan,1,57274
657,Kamarulzaman Kamdias,PH,PPBM,25188,34.9,127,JEMPOL,NegriSembilan,0,57274
658,Mustaffa Daharun,,PAS,5267,7.3,127,JEMPOL,NegriSembilan,0,57274
659,Loke Siew Fook,PH,DAP,55503,50.4,128,SEREMBAN,NegriSembilan,1,91818
660,Chong Sin Woon,BN,MCA,24809,22.5,128,SEREMBAN,NegriSembilan,0,91818
661,Shariffuddin Ahmad,,PAS,11506,10.4,128,SEREMBAN,NegriSembilan,0,91818
662,Eddin Syazlee Shith,PH,PPBM,18045,36.2,129,KUALA PILAH,NegriSembilan,1,40237
663,Hasan Malek,BN,UMNO,17845,35.8,129,KUALA PILAH,NegriSembilan,0,40237
664,Rafiei Mustapha,,PAS,4347,8.7,129,KUALA PILAH,NegriSembilan,0,40237
665,Cha Kee Chin,PH,DAP,61806,60.1,130,RASAH,NegriSembilan,1,85307
666,Ng Kian Nam,BN,MCA,14939,14.5,130,RASAH,NegriSembilan,0,85307
667,Mohd Khairil Anuar Mohd Wafa,,PAS,8260,8.0,130,RASAH,NegriSembilan,0,85307
668,David Dass Aseerpatham,,PAP,302,0.3,130,RASAH,NegriSembilan,0,85307
669,Khairy Jamaludin Abu Bakar,BN,UMNO,36096,40.8,131,REMBAU,NegriSembilan,1,73856
670,Roseli Abdul Gani,PH,PKR,31732,35.9,131,REMBAU,NegriSembilan,0,73856
671,Mustafa Dolah,,PAS,6028,6.8,131,REMBAU,NegriSembilan,0,73856
672,Danyal Balagopal Abdullah,PH,PKR,36225,48.2,132,PORT DICKSON,NegriSembilan,1,61334
673,Mogan Velayatham,BN,MIC,18515,24.6,132,PORT DICKSON,NegriSembilan,0,61334
674,Mahfuz Roslan,,PAS,6594,8.8,132,PORT DICKSON,NegriSembilan,0,61334
675,Hasan Bahrom,PH,AMANAH,22435,36.9,133,TAMPIN,NegriSembilan,1,48466
676,Shaziman Abu Mansor,BN,UMNO,21433,35.3,133,TAMPIN,NegriSembilan,0,48466
677,Abdul Halim Abu Bakar,,PAS,4598,7.6,133,TAMPIN,NegriSembilan,0,48466
678,Zahidi Zainul Abidin,BN,UMNO,15032,32.6,001,PADANG BESAR,Perlis,1,36500
679,Izizam Ibrahim,PH,PPBM,13594,29.5,001,PADANG BESAR,Perlis,0,36500
680,Mokhtar Senik,,PAS,7874,17.1,001,PADANG BESAR,Perlis,0,36500
681,Noor Amin Ahmad,PH,PKR,20909,37.4,002,KANGAR,Perlis,1,44680
682,Ramli Shariff,BN,UMNO,15306,27.4,002,KANGAR,Perlis,0,44680
683,Mohamad Zahid Ibrahim,,PAS,8465,15.1,002,KANGAR,Perlis,0,44680
684,Shahidan Kassim,BN,UMNO,16547,34.3,003,ARAU,Perlis,1,39600
685,Abd Rahman Daud,PH,PPBM,11691,24.3,003,ARAU,Perlis,0,39600
686,Hashim Jasin,,PAS,11362,23.6,003,ARAU,Perlis,0,39600
