,parCode,codeId,state,ge14WonParty,ge14WonCoalition,ge14Majority,parName,zhParName,voters,incumbentName,zhName,incumbentCoalition,incumbentParty,forLiveSite
0,P166,16600,Sabah,umno,bn,1450,Labuan,纳闽,44484,Rozman Isli,罗兹曼,,warisan,WARISAN
1,P085,08500,Pahang,umno,bn,24859,Pekan,北根,119443,Najib Abdul Razak,纳吉,bn,umno,BN
2,P006,00600,Kedah,bersatu,ph,13009,Kubang Pasu,古邦巴素,108217,Amiruddin Hamzah,阿米鲁丁,gta,pejuang,GTA
3,P047,04700,Penang,pkr,ph,15817,Nibong Tebal,高渊,100062,Mansor Othman,曼梳,pn,bersatu,PN
4,P028,02800,Kelantan,pas,gagasan,1360,Pasir Puteh,巴西富地,113070,Nik Muhammad Zawawi Salleh,聂莫哈末扎瓦威,pn,pas,PN
5,P158,15800,Johor,pkr,ph,37225,Tebrau,地不佬,223301,Steven Choong Shiau Yoon,钟少云,,pbm,PBM
6,P075,07500,Perak,umno,bn,5073,Bagan Datuk,峇眼拿督,58183,Ahmad Zahid Hamidi,阿末扎希,bn,umno,BN
7,P084,08400,Pahang,umno,bn,5742,Paya Besar,巴耶勿刹,79744,Mohd Shahar Abdullah,沙哈尔,bn,umno,BN
8,P136,13600,Melaka,pkr,ph,4659,Tangga Batu,冬牙峇株,115998,Rusnah Aluai,鲁斯娜,ph,pkr,HARAPAN
9,P059,05900,Perak,umno,bn,4089,Bukit Gantang,武吉干当,94253,Syed Abu Hussin Hafiz Syed Abdul Fasal,赛阿布胡先,pn,bersatu,PN
10,P115,11500,KL,bebas(ph),ph,24438,Batu,峇都,113863,P Prabakaran,巴拉卡兰,ph,pkr,HARAPAN
11,P067,06700,Perak,umno,bn,731,Kuala Kangsar,江沙,46985,Mastura Mohd Yazid,玛斯图拉,bn,umno,BN
12,P111,11100,Selangor,amanah,ph,71142,Kota Raja,哥打拉惹,244712,Mohamad Sabu,莫哈末沙布,ph,amanah,HARAPAN
13,P031,03100,Kelantan,pas,gagasan,7992,Kuala Krai,瓜拉吉赖,92335,Abdul Latiff Abdul Rahman,阿都拉迪夫,pn,pas,PN
14,P018,01800,Kedah,pkr,ph,4860,Kulim-Bandar Baharu,居林万拉峇鲁,90141,Saifuddin Nasution Ismail,赛夫丁,ph,pkr,HARAPAN
15,P127,12700,Negeri Sembilan,umno,bn,1631,Jempol,仁保,95813,Mohd Salim Sharif,沙林,bn,umno,BN
16,P065,06500,Perak,dap,ph,45724,Ipoh Barat,怡保西区,114654,M Kulasegaran,古拉,ph,dap,HARAPAN
17,P123,12300,KL,dap,ph,49665,Cheras,蕉赖,101184,Tan Kok Wai,陈国伟,ph,dap,HARAPAN
18,P011,01100,Kedah,pas,gagasan,5808,Pendang,本同,94547,Awang Hashim,阿旺,pn,pas,PN
19,P092,09200,Selangor,umno,bn,1674,Sabak Bernam,沙白安南,51609,Mohd Fasiah Mohd Fakeh,法西亚,pn,bersatu,PN
20,P042,04200,Penang,umno,bn,81,Tasek Gelugor,打昔牛汝莪,80868,Shabudin Yahaya,沙布丁,pn,bersatu,PN
21,P074,07400,Perak,amanah,ph,400,Lumut,红土坎,92972,Mohd Hatta Md Ramli,哈达蓝利,ph,amanah,HARAPAN
22,P035,03500,Terengganu,pas,gagasan,8447,Kuala Nerus,瓜拉尼鲁斯,105952,Khairuddin Aman Razali,凯鲁丁阿曼,,independent,INDEPENDENT
23,P025,02500,Kelantan,pas,gagasan,3292,Bachok,万捷,123183,Nik Abduh Nik Abdul Aziz,聂阿都,pn,pas,PN
24,P057,05700,Perak,amanah,ph,3098,Parit Buntar,巴力文打,68502,Mujahid Yusof Rawa,姆加希,ph,amanah,HARAPAN
25,P007,00700,Kedah,umno,bn,1099,Padang Terap,巴东得腊,59806,Mahdzir Khalid,马哈基尔卡立,bn,umno,BN
26,P024,02400,Kelantan,pas,gagasan,19369,Kubang Kerian,古邦阁亮,113640,Tuan Ibrahim Tuan Man,端依布拉欣,pn,pas,PN
27,P036,03600,Terengganu,pas,gagasan,14773,Kuala Terengganu,瓜拉登嘉楼,123305,Ahmad Amzad Mohamed,安扎,pn,pas,PN
28,P041,04100,Penang,umno,bn,4736,Kepala Batas,甲抛峇底,83081,Reezal Merican Naina Merican,利查玛力肯,bn,umno,BN
29,P062,06200,Perak,pkr,ph,5607,Sungai Siput,和丰,72395,S Kesavan,柯沙文,ph,pkr,HARAPAN
30,P098,09800,Selangor,pkr,ph,48721,Gombak,鹅唛,206744,Azmin Ali,阿兹敏,pn,bersatu,PN
31,P051,05100,Penang,dap,ph,55951,Bukit Gelugor,武吉牛汝莪,117134,Ramkarpal Singh,蓝卡巴,ph,dap,HARAPAN
32,P083,08300,Pahang,pkr,ph,8111,Kuantan,关丹,87597,Fuziah Salleh,傅芝雅,ph,pkr,HARAPAN
33,P021,02100,Kelantan,pas,gagasan,5869,Kota Bharu,哥打巴鲁,115450,Takiyuddin Hassan,达基尤丁,pn,pas,PN
34,P138,13800,Melaka,dap,ph,49175,Kota Melaka,马六甲市,164140,Khoo Poay Tiong,邱培栋,ph,dap,HARAPAN
35,P121,12100,KL,pkr,ph,5598,Lembah Pantai,班底谷,101828,Fahmi Fadzil,法米,ph,pkr,HARAPAN
36,P164,16400,Johor,umno,bn,833,Pontian,笨珍,75212,Ahmad Maslan,阿末玛斯兰,bn,umno,BN
37,P160,16000,Johor,pkr,ph,19782,Johor Bahru,新山,136368,Akmal Nasrullah Mohd Nasir,阿克玛,ph,pkr,HARAPAN
38,P131,13100,Negeri Sembilan,umno,bn,4364,Rembau,林茂,133555,Khairy Jamaludin Abu Bakar,凯里,bn,umno,BN
39,P155,15500,Johor,umno,bn,5933,Tenggara,东南镇,67294,Adham Baba,阿汉峇峇,bn,umno,BN
40,P125,12500,Putrajaya,umno,bn,3372,Putrajaya,布城,42881,Tengku Adnan Tengku Mansor,东姑安南,bn,umno,BN
41,P114,11400,KL,dap,ph,51628,Kepong,甲洞,94285,Lim Lip Eng,林立迎,ph,dap,HARAPAN
42,P151,15100,Johor,bersatu,ph,3475,Simpang Renggam,新邦令金,59033,Maszlee Malik,马智礼,ph,pkr,HARAPAN
43,P142,14200,Johor,dap,ph,3408,Labis,拉美士,49846,Pang Hok Liong,彭学良,ph,dap,HARAPAN
44,P081,08100,Pahang,umno,bn,5908,Jerantut,而连突,87051,Ahmad Nazlan Idris,阿马纳兹兰,bn,umno,BN
45,P110,11000,Selangor,dap,ph,78773,Klang,巴生,208913,Charles Santiago,查尔斯圣地亚哥,ph,dap,HARAPAN
46,P134,13400,Melaka,umno,bn,8159,Masjid Tanah,马日丹那,69174,Mas Ermieyati Samsudin,玛丝米雅蒂,pn,bersatu,PN
47,P112,11200,Selangor,pkr,ph,17112,Kuala Langat,瓜拉冷岳,148637,Xavier Jayakumar Arulanandam,再也古玛,,pbm,PBM
48,P086,08600,Pahang,umno,bn,3763,Maran,马兰,53128,Ismail Abd Muttalib,依斯迈慕达利,bn,umno,BN
49,P095,09500,Selangor,umno,bn,1970,Tanjung Karang,丹绒加弄,62194,Noh Omar,诺奥马,bn,umno,BN
50,P027,02700,Kelantan,umno,bn,2929,Tanah Merah,丹那美拉,98782,Ikmal Hisham Abdul Aziz,依克玛,pn,bersatu,PN
51,P120,12000,KL,dap,ph,37260,Bukit Bintang,武吉免登,79782,Fong Kui Lun,方贵伦,ph,dap,HARAPAN
52,P080,08000,Pahang,dap,ph,3159,Raub,劳勿,75064,Tengku Zulpuri Shah Raja Puji,东姑祖布里,ph,dap,HARAPAN
53,P004,00400,Kedah,bersatu,ph,8893,Langkawi,浮罗交怡,66777,Mahathir Mohamad,马哈迪,gta,pejuang,GTA
54,P019,01900,Kelantan,pas,gagasan,17500,Tumpat,道北,149371,Che Abdullah Mat Nawi,仄阿都拉,pn,pas,PN
55,P030,03000,Kelantan,umno,bn,6647,Jeli,日里,59798,Mustapa Mohamed,慕斯达法,pn,bersatu,PN
56,P109,10900,Selangor,pkr,ph,16306,Kapar,加埔,189369,Abdullah Sani Abdul Hamid,阿都拉沙尼,ph,pkr,HARAPAN
57,P161,16100,Johor,amanah,ph,28924,Pulai,蒲来,165313,Salahuddin Ayub,沙拉胡丁阿育,ph,amanah,HARAPAN
58,P064,06400,Perak,dap,ph,42797,Ipoh Timor,怡保东区,118178,Wong Kah Woh,黄家和,ph,dap,HARAPAN
59,P130,13000,Negeri Sembilan,dap,ph,46867,Rasah,亚沙,155896,Cha Kee Chin,谢琪清,ph,dap,HARAPAN
60,P061,06100,Perak,umno,bn,2548,Padang Rengas,硝山,38686,Mohamed Nazri Abdul Aziz,纳兹里,bn,umno,BN
61,P068,06800,Perak,dap,ph,27954,Beruas,木威,108249,Ngeh Koo Ham,倪可汉,ph,dap,HARAPAN
62,P032,03200,Kelantan,umno,bn,3913,Gua Musang,话望生,70254,Tengku Razaleigh Hamzah,东姑拉沙里,bn,umno,BN
63,P119,11900,KL,bersatu,ph,4139,Titiwangsa,蒂蒂旺沙,80747,Rina Mohd Harun,丽娜哈仑,pn,bersatu,PN
64,P100,10000,Selangor,pkr,ph,52543,Pandan,班登,148730,Wan Azizah Wan Ismail,旺阿兹莎,ph,pkr,HARAPAN
65,P002,00200,Perlis,pkr,ph,5603,Kangar,加央,74859,Noor Amin Ahmad,诺阿敏,ph,pkr,HARAPAN
66,P093,09300,Selangor,bersatu,ph,714,Sungai Besar,大港,64382,Muslimin Yahaya,慕斯莉敏,pn,bersatu,PN
67,P146,14600,Johor,bersatu,ph,6953,Muar,麻坡,68925,Syed Saddiq Syed Abdul Rahman,赛沙迪,ph,muda,HARAPAN
68,P076,07600,Perak,dap,ph,11179,Teluk Intan,安顺,87222,Nga Kor Ming,倪可敏,ph,dap,HARAPAN
69,P133,13300,Negeri Sembilan,amanah,ph,1002,Tampin,淡边,81099,Hasan Bahrom,哈山,ph,amanah,HARAPAN
70,P104,10400,Selangor,pkr,ph,92353,Subang,梳邦,230940,Wong Chen,黄基全,ph,pkr,HARAPAN
71,P017,01700,Kedah,pkr,ph,8813,Padang Serai,巴东色海,133867,M Karupaiya,木都沙米,ph,pkr,HARAPAN
72,P055,05500,Perak,umno,bn,5773,Lenggong,玲珑,36950,Shamsul Anuar Nasarah,山苏,bn,umno,BN
73,P097,09700,Selangor,pkr,ph,40657,Selayang,士拉央,181539,William Leong Jee Keen,梁志坚,ph,pkr,HARAPAN
74,P105,10500,Selangor,pkr,ph,57137,Petaling Jaya,八打灵再也,195148,Maria Chin Abdullah,玛丽亚陈,ph,pkr,HARAPAN
75,P045,04500,Penang,dap,ph,52877,Bukit Mertajam,大山脚,120819,Steven Sim Chee Keong,沈志强,ph,dap,HARAPAN
76,P052,05200,Penang,pkr,ph,37751,Bayan Baru,峇央峇鲁,119640,Sim Tze Tzin,沈志勤,ph,pkr,HARAPAN
77,P162,16200,Johor,dap,ph,44864,Iskandar Puteri,依斯干达公主城,222437,Lim Kit Siang,林吉祥,ph,dap,HARAPAN
78,P048,04800,Penang,dap,ph,40731,Bukit Bendera,升旗山,92521,Wong Hon Wai,黄汉伟,ph,dap,HARAPAN
79,P140,14000,Johor,pkr,ph,5476,Segamat,昔加末,69360,Edmund Santhara Kumar,山塔拉,,pbm,PBM
80,P132,13200,Negeri Sembilan,pkr,ph,17710,Port Dickson,波德申,104450,Anwar Ibrahim,安华,ph,pkr,HARAPAN
81,P082,08200,Pahang,pkr,ph,10950,Indera Mahkota,英迪拉马哥打,120549,Saifuddin Abdullah,赛夫丁阿都拉,pn,bersatu,PN
82,P087,08700,Pahang,umno,bn,2876,Kuala Krau,瓜拉吉挠,60537,Ismail Mohamed Said,依斯迈赛益,bn,umno,BN
83,P117,11700,KL,pkr,ph,45702,Segambut,泗岩沫,119652,Hannah Yeoh Tseow Suan,杨巧双,ph,dap,HARAPAN
84,P141,14100,Johor,pkr,ph,1281,Sekijang,士基央,63981,Natrah Ismail,娜拉,ph,pkr,HARAPAN
85,P073,07300,Perak,umno,bn,7712,Pasir Salak,巴西沙叻,74761,Tajuddin Abdul Rahman,达祖丁,bn,umno,BN
86,P013,01300,Kedah,pas,gagasan,5218,Sik,锡,63126,Ahmad Tarmizi Sulaiman,阿末达米茲,pn,pas,PN
87,P071,07100,Perak,pkr,ph,29778,Gopeng,务边,143657,Lee Boon Chye,李文材,ph,pkr,HARAPAN
88,P099,09900,Selangor,pkr,ph,41956,Ampang,安邦,133494,Zuraida Kamaruddin,祖莱达,,pbm,PBM
89,P044,04400,Penang,pkr,ph,15668,Permatang Pauh,峇东埔,107186,Nurul Izzah Anwar,努鲁依莎,ph,pkr,HARAPAN
90,P020,02000,Kelantan,pas,gagasan,13232,Pengkalan Chepa,彭加兰吉巴,106982,Ahmad Marzuk Shaary,阿末马祖,pn,pas,PN
91,P156,15600,Johor,umno,bn,14621,Kota Tinggi,哥打丁宜,61291,Halimah Mohd Sadique,哈丽玛,bn,umno,BN
92,P101,10100,Selangor,amanah,ph,25424,Hulu Langat,乌鲁冷岳,166902,Hasanuddin Mohd Yunus,哈沙努丁,ph,amanah,HARAPAN
93,P106,10600,Selangor,dap,ph,106903,Damansara,白沙罗,239103,Tony Pua Kiam Wee,潘俭伟,ph,dap,HARAPAN
94,P070,07000,Perak,dap,ph,11801,Kampar,金宝,89894,Thomas Su Keong Siong,苏建祥,ph,dap,HARAPAN
95,P128,12800,Negeri Sembilan,dap,ph,30694,Seremban,芙蓉,157244,Anthony Loke Siew Fook,陆兆福,ph,dap,HARAPAN
96,P107,10700,Selangor,pkr,ph,26634,Sungai Buloh,双溪毛糯,158090,Sivarasa Rasiah,西华拉沙,ph,pkr,HARAPAN
97,P139,13900,Melaka,umno,bn,219,Jasin,野新,96208,Ahmad Hamzah,阿末韩查,bn,umno,BN
98,P154,15400,Johor,umno,bn,8459,Mersing,丰盛港,66275,Abd Latiff Ahmad,阿都拉迪阿末,pn,bersatu,PN
99,P124,12400,KL,pkr,ph,19930,Bandar Tun Razak,敦拉萨镇,119185,Kamaruddin Jaafar,卡玛鲁丁,pn,bersatu,PN
100,P058,05800,Perak,umno,bn,172,Bagan Serai,峇眼色海,80293,Noor Azmi Ghazali,诺阿兹米,pn,bersatu,PN
101,P143,14300,Johor,bersatu,ph,6927,Pagoh,巴莪,69939,Muhyiddin Yassin,慕尤丁,pn,bersatu,PN
102,P029,02900,Kelantan,umno,bn,2824,Machang,马章,88825,Ahmad Jazlan Yaakub,阿末加兹兰,bn,umno,BN
103,P060,06000,Perak,dap,ph,27384,Taiping,太平,121566,Teh Kok Lim,郑国霖,ph,dap,HARAPAN
104,P037,03700,Terengganu,pas,gagasan,21954,Marang,马江,131756,Abdul Hadi Awang,哈迪阿旺,pn,pas,PN
105,P148,14800,Johor,mca,bn,303,Ayer Hitam,亚依淡,61041,Wee Ka Siong,魏家祥,bn,mca,BN
106,P090,09000,Pahang,umno,bn,2311,Bera,百乐,77669,Ismail Sabri Yaakob,依斯迈沙比,bn,umno,BN
107,P038,03800,Terengganu,umno,bn,2868,Hulu Terengganu,乌鲁登嘉楼,87917,Rosol Wahid,罗索华希,pn,bersatu,PN
108,P149,14900,Johor,bersatu,ph,3288,Sri Gading,泗加亭,78602,Sharuddin Md Salleh,沙鲁丁,gta,pejuang,GTA
109,P033,03300,Terengganu,umno,bn,4599,Besut,勿述,111650,Idris Jusoh,依德利斯,bn,umno,BN
110,P009,00900,Kedah,pkr,ph,15200,Alor Setar,亚罗士打,105994,Chan Ming Kai,曾敏凯,ph,pkr,HARAPAN
111,P014,01400,Kedah,pkr,ph,10072,Merbok,马莫,132444,Nor Azrina Surip,诺阿兹丽娜,ph,pkr,HARAPAN
112,P147,14700,Johor,umno,bn,6341,Parit Sulong,巴力苏隆,79484,Noraini Ahmad,诺莱尼,bn,umno,BN
113,P159,15900,Johor,pkr,ph,24726,Pasir Gudang,巴西古当,198485,Hassan Abdul Karim,哈山卡林,ph,pkr,HARAPAN
114,P152,15200,Johor,dap,ph,23053,Kluang,居銮,132342,Wong Shu Qi,黄书琪,ph,dap,HARAPAN
115,P091,09100,Pahang,umno,bn,11395,Rompin,云冰,89131,Hasan Arifin,哈山阿里芬,bn,umno,BN
116,P079,07900,Pahang,umno,bn,6569,Lipis,立卑,47124,Abdul Rahman Mohamad,阿都拉曼莫哈末,bn,umno,BN
117,P010,01000,Kedah,pkr,ph,13481,Kuala Kedah,瓜拉吉打,132500,Azman Ismail,阿兹曼,ph,pkr,HARAPAN
118,P153,15300,Johor,umno,bn,6662,Sembrong,森布隆,54982,Hishammuddin Hussein,希山慕丁,bn,umno,BN
119,P005,00500,Kedah,bersatu,ph,5866,Jerlun,尤仑,67601,Mukhriz Mahathir,慕克里兹,gta,pejuang,GTA
120,P054,05400,Perak,umno,bn,5528,Gerik,宜力,47565,Vacant,悬空,,vacant,VACANT
121,P063,06300,Perak,bersatu,ph,5320,Tambun,打扪,160558,Ahmad Faizal Azumu,阿末费沙,pn,bersatu,PN
122,P050,05000,Penang,dap,ph,38171,Jelutong,日落洞,93989,RSN Rayer,雷尔,ph,dap,HARAPAN
123,P026,02600,Kelantan,umno,bn,4626,Ketereh,格底里,85281,Annuar Musa,安努亚慕沙,bn,umno,BN
124,P078,07800,Pahang,mic,bn,597,Cameron Highlands,金马仑高原,46020,Ramli Mohd Nor,南利,bn,umno,BN
125,P056,05600,Perak,umno,bn,4486,Larut,拉律,65719,Hamzah Zainudin,韩沙再努丁,pn,bersatu,PN
126,P072,07200,Perak,mic,bn,614,Tapah,打巴,61946,M Saravanan,沙拉瓦南,bn,mic,BN
127,P094,09400,Selangor,pkr,ph,13391,Hulu Selangor,乌鲁雪兰莪,154317,Leow Hsiad Hui,廖书慧,ph,pkr,HARAPAN
128,P043,04300,Penang,dap,ph,43902,Bagan,峇眼,89447,Lim Guan Eng,林冠英,ph,dap,HARAPAN
129,P113,11300,Selangor,amanah,ph,18705,Sepang,雪邦,168039,Mohamed Hanipa Maidin,哈尼巴迈丁,ph,amanah,HARAPAN
130,P015,01500,Kedah,pkr,ph,21569,Sungai Petani,双溪大年,168847,Johari Abdul,佐哈里阿都,ph,pkr,HARAPAN
131,P088,08800,Pahang,amanah,ph,1904,Temerloh,淡马鲁,106829,Mohd Anuar Mohd Tahir,安努亚,ph,amanah,HARAPAN
132,P122,12200,KL,dap,ph,56059,Seputeh,士布爹,124805,Teresa Kok Suh Sim,郭素沁,ph,dap,HARAPAN
133,P129,12900,Negeri Sembilan,bersatu,ph,200,Kuala Pilah,瓜拉庇劳,63247,Eddin Syazlee Shith,艾定,pn,bersatu,PN
134,P137,13700,Melaka,pkr,ph,8640,Hang Tuah Jaya,汉都亚再也,118493,Shamsul Iskandar Mohd Akin,三苏依斯干达,ph,pkr,HARAPAN
135,P150,15000,Johor,pkr,ph,17894,Batu Pahat,峇株巴辖,133910,Rashid Hasnon,拉昔,pn,bersatu,PN
136,P163,16300,Johor,dap,ph,32748,Kulai,古来,151247,Teo Nie Ching,张念群,ph,dap,HARAPAN
137,P040,04000,Terengganu,pas,gagasan,2163,Kemaman,甘马挽,139423,Che Alias Hamid,仄阿丽亚斯,pn,pas,PN
138,P016,01600,Kedah,umno,bn,1074,Baling,华玲,132099,Abdul Azeez Abdul Rahim,阿都阿兹,bn,umno,BN
139,P003,00300,Perlis,umno,bn,4856,Arau,亚娄,60876,Shahidan Kassim,沙希旦,bn,umno,BN
140,P034,03400,Terengganu,pas,gagasan,2802,Setiu,士兆,107294,Shaharizukirnain Abd Kadir,沙哈里祖基南,pn,pas,PN
141,P126,12600,Negeri Sembilan,umno,bn,2045,Jelebu,日叻务,59561,Jalaluddin Alias,加拉鲁丁,bn,umno,BN
142,P053,05300,Penang,pkr,ph,6464,Balik Pulau,浮罗山背,80264,Muhammad Bakhtiar Wan Chik,莫哈末峇迪亚,ph,pkr,HARAPAN
143,P066,06600,Perak,dap,ph,43868,Batu Gajah,华都牙也,111896,V Sivakumar,西华古玛,ph,dap,HARAPAN
144,P103,10300,Selangor,dap,ph,47635,Puchong,蒲种,152861,Gobind Singh Deo,哥宾星,ph,dap,HARAPAN
145,P089,08900,Pahang,dap,ph,2032,Bentong,文冬,87058,Wong Tack,黄德,ph,dap,HARAPAN
146,P001,00100,Perlis,umno,bn,1438,Padang Besar,巴当勿刹,60192,Zahidi Zainul Abidin,扎希迪,bn,umno,BN
147,P022,02200,Kelantan,pas,gagasan,13075,Pasir Mas,巴西马,94544,Ahmad Fadhli Shaari,阿末法里,pn,pas,PN
148,P145,14500,Johor,dap,ph,23211,Bakri,峇吉里,97335,Yeo Bee Yin,杨美盈,ph,dap,HARAPAN
149,P116,11600,KL,pkr,ph,24238,Wangsa Maju,旺沙玛珠,120323,Tan Yee Kew,陈仪乔,ph,pkr,HARAPAN
150,P046,04600,Penang,dap,ph,33553,Batu Kawan,峇都加湾,88812,Kasthuriraani Patto,卡斯杜丽,ph,dap,HARAPAN
151,P069,06900,Perak,umno,bn,6320,Parit,巴力,47915,Mohd Nizar Zakaria,莫哈末尼沙,bn,umno,BN
152,P049,04900,Penang,dap,ph,29599,Tanjong,丹绒,52803,Chow Kon Yeow,曹观友,ph,dap,HARAPAN
153,P108,10800,Selangor,amanah,ph,33849,Shah Alam,沙亚南,165744,Khalid Abd Samad,卡立沙末,ph,amanah,HARAPAN
154,P102,10200,Selangor,dap,ph,68768,Bangi,万宜,303430,Ong Kian Ming,王建民,ph,dap,HARAPAN
155,P157,15700,Johor,umno,bn,11417,Pengerang,边加兰,55316,Azalina Othman Said,阿莎丽娜,bn,umno,BN
156,P144,14400,Johor,pkr,ph,8666,Ledang,礼让,104577,Syed Ibrahim Syed Nor,赛依布拉欣,ph,pkr,HARAPAN
157,P096,09600,Selangor,amanah,ph,8498,Kuala Selangor,瓜拉雪兰莪,102951,Dzulkefly Ahmad,祖基菲里,ph,amanah,HARAPAN
158,P135,13500,Melaka,bersatu,ph,6980,Alor Gajah,亚罗牙也,93311,Mohd Redzuan Md Yusof,礼端,pn,bersatu,PN
159,P039,03900,Terengganu,pas,gagasan,13119,Dungun,龙运,115559,Wan Hassan Mohd Ramli,旺哈山,pn,pas,PN
160,P077,07700,Perak,pkr,ph,5358,Tanjong Malim,丹绒马林,93873,Chang Lih Kang,郑立慷,ph,pkr,HARAPAN
161,P008,00800,Kedah,amanah,ph,5558,Pokok Sena,波各先那,114838,Mahfuz Omar,玛夫兹,ph,amanah,HARAPAN
162,P012,01200,Kedah,pas,gagasan,539,Jerai,日莱,105001,Sabri Azit,莎碧莉,pn,pas,PN
163,P165,16500,Johor,bersatu,ph,524,Tanjung Piai,丹绒比艾,70679,Wee Jeck Seng,黄日升,bn,mca,BN
164,P118,11800,KL,pkr,ph,14372,Setiawangsa,斯迪亚旺沙,95753,Nik Nazmi Nik Ahmad,聂纳兹米,ph,pkr,HARAPAN
165,P023,02300,Kelantan,pas,gagasan,6150,Rantau Panjang,兰斗班让,93248,Siti Zailah Mohd Yusoff,西蒂再拉,pn,pas,PN
166,P183,18300,Sabah,umno,bn,7115,Beluran,必鲁兰,44727,Ronald Kiandee,罗纳建迪,grs,bersatu,GRS
167,P171,17100,Sabah,warisan,ph allies,12984,Sepanggar,昔邦加,108370,Mohd Azis Jamman,阿基兹,,warisan,WARISAN
168,P189,18900,Sabah,warisan,ph allies,20674,Semporna,仙本那,72169,Shafie Apdal,沙菲益阿达,,warisan,WARISAN
169,P178,17800,Sabah,umno,bn,852,Sipitang,实必丹,45871,Yamani Hafez Musa,亚玛尼,grs,bersatu,GRS
170,P191,19100,Sabah,warisan,ph allies,3187,Kalabakan,加拉巴干,83970,Ma'Mun Sulaiman,马门苏莱曼,,warisan,WARISAN
171,P177,17700,Sabah,umno,bn,3331,Beaufort,保佛,43248,Azizah Mohd Dun,阿兹扎,grs,bersatu,GRS
172,P173,17300,Sabah,pkr,ph,2339,Putatan,布达丹,63173,Awang Husaini Sahari,阿旺胡赛尼,ph,pkr,HARAPAN
173,P167,16700,Sabah,umno,bn,1359,Kudat,古达,75724,Abdul Rahim Bakri,阿都拉欣,grs,bersatu,GRS
174,P184,18400,Sabah,umno,bn,678,Libaran,里巴兰,72332,Zakaria Mohd Edris,查卡里亚,grs,bersatu,GRS
175,P188,18800,Sabah,warisan,ph allies,6401,Lahad Datu,诗南,100256,Mohamaddin Ketapi,莫哈末丁,,pbm,PBM
176,P180,18000,Sabah,star,gsb,45,Keningau,根地咬,87588,Jeffrey Kitingan,杰菲里,grs,star,GRS
177,P172,17200,Sabah,dap,ph,24086,Kota Kinabalu,亚庇,74059,Chan Foong Hin,陈泓缣,ph,dap,HARAPAN
178,P186,18600,Sabah,dap,ph,10098,Sandakan,山打根,55542,Vivian Wong Shir Yee,黄诗怡,ph,dap,HARAPAN
179,P182,18200,Sabah,pbrs,bn,2314,Pensiangan,冰厢岸,55672,Arthur Joseph Kurup,阿图,bn,pbrs,BN
180,P185,18500,Sabah,warisan,ph allies,4619,Batu Sapi,三脚石,43916,Vacant,悬空,,vacant,VACANT
181,P175,17500,Sabah,warisan,ph allies,325,Papar,吧巴,59942,Ahmad Hassan,阿末哈山,,warisan,WARISAN
182,P187,18700,Sabah,umno,bn,9478,Kinabatangan,京那巴当岸,44773,Bung Moktar Radin,邦莫达,bn,umno,BN
183,P190,19000,Sabah,pkr,ph,4727,Tawau,斗湖,87477,Christina Liew Chin Jin,刘静芝,ph,pkr,HARAPAN
184,P170,17000,Sabah,upko,bn,7624,Tuaran,斗亚兰,83419,Wilfred Madius Tangau,威菲利,ph,upko,HARAPAN
185,P179,17900,Sabah,pkr,ph,1076,Ranau,兰瑙,66517,Jonathan Yasin,佐纳登,grs,bersatu,GRS
186,P181,18100,Sabah,dap,ph,1133,Tenom,丹南,42045,Noorita Sual,诺丽达,ph,dap,HARAPAN
187,P169,16900,Sabah,warisan,ph allies,4262,Kota Belud,哥打毛律,79885,Isnaraissah Munirah Majilis,慕丽娜,,warisan,WARISAN
188,P174,17400,Sabah,warisan,ph allies,23473,Penampang,兵南邦,77214,Darell Leiking,雷京,,warisan,WARISAN
189,P176,17600,Sabah,umno,bn,156,Kimanis,金马利,40763,Mohamad Alamin,莫哈末阿拉敏,bn,umno,BN
190,P168,16800,Sabah,pbs,bn,1774,Kota Marudu,马鲁都,80735,Maximus Ongkili,西慕翁基利,grs,pbs,GRS
191,P199,19900,Sarawak,supp,bn,9905,Serian,西连,65273,Richard Riot Jaem,理查烈,gps,supp,GPS
192,P197,19700,Sarawak,pbb,bn,16992,Kota Samarahan,哥打三马拉汉,82229,Rubiah Wang,鲁比亚,gps,pbb,GPS
193,P202,20200,Sarawak,prs,bn,5820,Sri Aman,斯里阿曼,50164,Masir Kujat,马希尔,,independent,INDEPENDENT
194,P209,20900,Sarawak,bebas,,1931,Julau,如娄,34850,Larry Sng Wei Shien,孙伟瑄,,pbm,PBM
195,P201,20100,Sarawak,pbb,bn,10277,Batang Lupar,巴当鲁巴,43072,Rohani Abdul Karim,罗哈妮,gps,pbb,GPS
196,P203,20300,Sarawak,bebas,,1059,Lubok Antu,鲁勃安都,28995,Jugah Muyang,朱加慕央,,independent,INDEPENDENT
197,P211,21100,Sarawak,dap,ph,14546,Lanang,南兰,87356,Alice Lau Kiong Yieng,刘强燕,ph,dap,HARAPAN
198,P221,22100,Sarawak,pbb,bn,7710,Limbang,林梦,41999,Hasbi Habibollah,哈斯比,gps,pbb,GPS
199,P194,19400,Sarawak,pbb,bn,15017,Petra Jaya,柏特拉再也,109809,Fadillah Yusof,法迪拉,gps,pbb,GPS
200,P217,21700,Sarawak,spdp,bn,7022,Bintulu,民都鲁,113599,Tiong King Sing,张庆信,gps,pdp,GPS
201,P193,19300,Sarawak,pbb,bn,19485,Santubong,山都望,79540,Wan Junaidi Tuanku Jaafar,旺朱乃迪,gps,pbb,GPS
202,P205,20500,Sarawak,pkr,ph,989,Saratok,砂拉卓,44531,Ali Biju,阿里比祖,pn,bersatu,PN
203,P198,19800,Sarawak,pkr,ph,4005,Puncak Borneo,婆罗洲高原,79969,Willie Mongin,威利,gps,pbb,GPS
204,P206,20600,Sarawak,pbb,bn,8674,Tanjung Manis,丹绒玛尼,32948,Yusof Abdul Wahab,尤索夫阿都瓦哈,gps,pbb,GPS
205,P216,21600,Sarawak,prs,bn,6315,Hulu Rajang,乌鲁拉让,43438,Ugak Kumbong,乌格,gps,prs,GPS
206,P204,20400,Sarawak,pbb,bn,8116,Betong,木中,41743,Robert Lawson Chuat,罗柏,gps,pbb,GPS
207,P213,21300,Sarawak,pbb,bn,7000,Mukah,木胶,46964,Hanifah Hajar Taib,哈妮法,gps,pbb,GPS
208,P214,21400,Sarawak,pkr,ph,486,Selangau,实兰沟,45743,Baru Bian,巴鲁比安,,psb,PSB
209,P220,22000,Sarawak,spdp,bn,1990,Baram,巴南,59535,Anyi Ngau,安义尧,gps,pdp,GPS
210,P218,21800,Sarawak,pbb,bn,3676,Sibuti,实务地,58522,Lukanisman Awang Sauni,鲁卡尼斯曼,gps,pbb,GPS
211,P222,22200,Sarawak,pbb,bn,6000,Lawas,老越,33655,Henry Sum Agong,亨利,gps,pbb,GPS
212,P210,21000,Sarawak,prs,bn,4312,Kanowit,加拿逸,30988,Aaron Ago Dagang,艾伦,gps,prs,GPS
213,P208,20800,Sarawak,dap,ph,2570,Sarikei,泗里街,55018,Wong Ling Biu,黄灵彪,ph,dap,HARAPAN
214,P200,20000,Sarawak,pbb,bn,12328,Batang Sadong,峇丹砂隆,32640,Nancy Shukri,南茜,gps,pbb,GPS
215,P212,21200,Sarawak,dap,ph,11422,Sibu,诗巫,105875,Oscar Ling Chai Yew,林财耀,ph,dap,HARAPAN
216,P215,21500,Sarawak,pbb,bn,10479,Kapit,加帛,45210,Alexander Nanta Linggi,亚历山大南塔,gps,pbb,GPS
217,P219,21900,Sarawak,pkr,ph,13663,Miri,美里,143229,Michael Teo Yu Keng,张有庆,ph,pkr,HARAPAN
218,P207,20700,Sarawak,pbb,bn,8495,Igan,依干,28290,Ahmad Johnie Zawawi,阿末佐尼,gps,pbb,GPS
219,P195,19500,Sarawak,dap,ph,35973,Bandar Kuching,古晋,109710,Kelvin Yii Lee Wuen,俞利文,ph,dap,HARAPAN
220,P192,19200,Sarawak,dap,ph,3024,Mas Gading,玛士加丁,47171,Mordi Bimol,莫迪,ph,dap,HARAPAN
221,P196,19600,Sarawak,dap,ph,14221,Stampin,实旦宾,121009,Chong Chieng Jen,张健仁,ph,dap,HARAPAN
